channel,venue,year,facets,title,authors,acq_url,doi,key
acm-paywall,ICAIL,2015,determinacy-frontier|bounded-deontics,Deontic defeasible reasoning in legal interpretation: two options for modelling interpretive arguments,Antonino Rotolo; Guido Governatori; Giovanni Sartor,https://doi.org/10.1145/2746090.2746100,10.1145/2746090.2746100,conf/icail/RotoloGS15
acm-paywall,ICAIL,2009,intro|cnl,Isomorphism and argumentation,Trevor J. M. Bench-Capon; Thomas F. Gordon,https://doi.org/10.1145/1568234.1568237,10.1145/1568234.1568237,conf/icail/Bench-CaponG09
acm-paywall,ICAIL,2013,cnl|bounded-deontics,OASIS LegalRuleML,Tara Athan; Harold Boley; Guido Governatori; Monica Palmirani; Adrian Paschke; Adam Z. Wyner,https://doi.org/10.1145/2514601.2514603,10.1145/2514601.2514603,conf/icail/AthanBGPPW13
acm-paywall,ICAIL,2013,fm-in-law|bounded-deontics,Temporal deontic action logic for the verification of compliance to norms in ASP,Laura Giordano; Alberto Martelli; Daniele Theseider Dupré,https://doi.org/10.1145/2514601.2514608,10.1145/2514601.2514608,conf/icail/GiordanoMD13
acm-paywall,ICAIL,1993,determinacy-frontier,Neural Networks and Open Texture,Trevor J. M. Bench-Capon,https://doi.org/10.1145/158976.159012,10.1145/158976.159012,conf/icail/Bench-Capon93
acm-paywall,ICAIL,2011,bounded-deontics|intro,Modelling temporal legal rules,Monica Palmirani; Guido Governatori; Giuseppe Contissa,https://doi.org/10.1145/2018358.2018378,10.1145/2018358.2018378,conf/icail/PalmiraniGC11
acm-paywall,ICAIL,2015,intro,RuleOMS: a rule-based online management system,Mohammad Badiul Islam; Guido Governatori,https://doi.org/10.1145/2746090.2746120,10.1145/2746090.2746120,conf/icail/IslamG15
acm-paywall,ICAIL,2013,fm-in-law|bounded-deontics,Regorous: a business process compliance checker,Guido Governatori; Sidney Shek,https://doi.org/10.1145/2514601.2514638,10.1145/2514601.2514638,conf/icail/GovernatoriS13
acm-paywall,ICAIL,2017,determinacy-frontier,A logical architecture for dynamic legal interpretation,Juliano S. A. Maranhão,https://doi.org/10.1145/3086512.3086525,10.1145/3086512.3086525,conf/icail/Maranhao17
acm-paywall,ICAIL,2003,bounded-deontics,Permissions and Obligations in Hierarchical Normative Systems,Guido Boella; Leendert W. N. van der Torre,https://doi.org/10.1145/1047788.1047818,10.1145/1047788.1047818,conf/icail/BoelleT03
acm-paywall,ICAIL,1991,bounded-deontics,The Structure of Norm Conditions and Nonmonotonic Reasoning in Law,Giovanni Sartor,https://doi.org/10.1145/112646.112665,10.1145/112646.112665,conf/icail/Sartor91
acm-paywall,ICAIL,1987,intro,Oblog-2: A Hybrid Knowledge Representation System for Defeasible Reasoning,Thomas F. Gordon,https://doi.org/10.1145/41735.41761,10.1145/41735.41761,conf/icail/Gordon87
acm-paywall,ICAIL,1989,bounded-deontics|intro,"Deep Models, Normative Reasoning and Legal Expert Systems",Trevor J. M. Bench-Capon,https://doi.org/10.1145/74014.74020,10.1145/74014.74020,conf/icail/Bench-Capon89
acm-paywall,ICAIL,2019,determinacy-frontier,Value assessment and revision in legal interpretation,Juliano Maranhão; Giovanni Sartor,https://doi.org/10.1145/3322640.3326709,10.1145/3322640.3326709,conf/icail/MaranhaoS19
acm-paywall,ICAIL,2017,fm-in-law,Performance improvement on legal model checking,Carlos Faciano; Sergio Mera; Fernando Schapachnik; Ana Haydée Di Iorio; Bibiana Luz Clara; Verónica Uriarte; María Fernanda Giaccaglia; María Belén Ruffa; Cristian Marcos,https://doi.org/10.1145/3086512.3086518,10.1145/3086512.3086518,conf/icail/FacianoMSICUGRM17
acm-paywall,ICAIL,2021,intro,Practical tools from formal models: the ECHR as a case study,Katie Atkinson; Joe Collenette; Trevor J. M. Bench-Capon; Kanstantsin Dzehtsiarou,https://doi.org/10.1145/3462757.3466095,10.1145/3462757.3466095,conf/icail/AtkinsonCBD21
acm-paywall,ICAIL,1989,intro,Hierarchically Organised Formalisations,Tom Routen,https://doi.org/10.1145/74014.74045,10.1145/74014.74045,conf/icail/Routen89
acm-paywall,ICAIL,2017,intro|determinacy-frontier,Interpreting contracts using english common law rules as stated by Lord Hoffmann,John Henderson; Trevor J. M. Bench-Capon,https://doi.org/10.1145/3086512.3086522,10.1145/3086512.3086522,conf/icail/HendersonB17
acm-paywall,ICAIL,2025,bounded-deontics|determinacy-frontier,Judicial Discretion as Normative Reasoning: Deontic Characterization of Judicial Decision Making with Answer Set Programming,Josephine Dik; Réka Markovich,https://doi.org/10.1145/3769126.3769220,10.1145/3769126.3769220,conf/icail/DikM25
acm-paywall,ICAIL,2005,bounded-deontics,Permission and Authorization in Normative Multiagent Systems,Guido Boella; Leendert W. N. van der Torre,https://doi.org/10.1145/1165485.1165526,10.1145/1165485.1165526,conf/icail/BoellaT05
acm-paywall,ICAIL,1997,bounded-deontics,Distinguishing Different Roles in Normative Reasoning,Leendert W. N. van der Torre; Yao-Hua Tan,https://doi.org/10.1145/261618.261657,10.1145/261618.261657,conf/icail/TorreT97
acm-paywall,ICAIL,2013,determinacy-frontier,Vagueness in law: a stimulus for &apos;artificial intelligence &amp; law&apos;,Doris Liebwald,https://doi.org/10.1145/2514601.2514628,10.1145/2514601.2514628,conf/icail/Liebwald13
acm-paywall,ICAIL,2007,determinacy-frontier|intro,NewMINT interpretation assistance system: United States Constitution First Amendment&apos;s initial 1344 interpretations,Layman E. Allen; Adam W. Tury,https://doi.org/10.1145/1276318.1276348,10.1145/1276318.1276348,conf/icail/AllenT07
acm-paywall,ICAIL,1991,intro,Separating World and Regulation Knowledge: Where is the Logic,Joost Breuker; Nienke den Haan,https://doi.org/10.1145/112646.112658,10.1145/112646.112658,conf/icail/BreukerH91
acm-paywall,ICAIL,1991,determinacy-frontier,More IA Needed in AI: Interpretation Assistance for Coping with the Problem of Multiple Structural Interpretations,Layman E. Allen; Charles S. Saxon,https://doi.org/10.1145/112646.112652,10.1145/112646.112652,conf/icail/AllenS91
acm-paywall,ICAIL,2023,intro|bounded-deontics,Computable Contracts by Extracting Obligation Logic Graphs,Sergio Servantez; Nedim Lipka; Alexa F. Siu; Milan Aggarwal; Balaji Krishnamurthy; Aparna Garimella; Kristian J. Hammond; Rajiv Jain,https://doi.org/10.1145/3594536.3595162,10.1145/3594536.3595162,conf/icail/ServantezLSAKGH23
acm-paywall,ICAIL,2003,bounded-deontics,Positive and Negative Expectations and the Deontic Nature of Social Conventions,Cristiano Castelfranchi; Luca Tummolini,https://doi.org/10.1145/1047788.1047819,10.1145/1047788.1047819,conf/icail/CastelfranchiT03
acm-paywall,ICAIL,2023,bounded-deontics,Multi-agent logic for reasoning about duties and powers in private law,Tianwen Xu; Fengkui Ju,https://doi.org/10.1145/3594536.3595133,10.1145/3594536.3595133,conf/icail/XuJ23
acm-paywall,ICAIL,1993,intro|determinacy-frontier,The Use of Meta-Rules in Rule Based Legal Computer Systems,Uri J. Schild; Shai Herzog,https://doi.org/10.1145/158976.158989,10.1145/158976.158989,conf/icail/SchildH93
acm-paywall,ICAIL,2003,bounded-deontics|fm-in-law,Specifying and Reasoning with Institutional Agents,Filipe Santos; Olga Pacheco,https://doi.org/10.1145/1047788.1047827,10.1145/1047788.1047827,conf/icail/SantosP03
acm-paywall,ICAIL,2019,bounded-deontics|intro,"The False, the Former, and the Parish Priest",Robert van Doesburg; Tom M. van Engers,https://doi.org/10.1145/3322640.3326718,10.1145/3322640.3326718,conf/icail/DoesburgE19
acm-paywall,ICAIL,1991,intro,Indian Central Civil Service Pension Rules: A Case Study in Logic Programming Applied to Regulations,Marek J. Sergot; A. S. Kamble; K. K. Bajaj,https://doi.org/10.1145/112646.112661,10.1145/112646.112661,conf/icail/SergotKB91
acm-paywall,ICAIL,2005,intro,Dynamics of Legal Provisions and its Representation,Jacek Martinek; Jolanta Cybulka,https://doi.org/10.1145/1165485.1165489,10.1145/1165485.1165489,conf/icail/MartinekC05
acm-paywall,ICAIL,2005,determinacy-frontier,A Taxonomy for Modelling Discretionary Decision Making in the Legal Domain,Uri J. Schild; John Zeleznikow,https://doi.org/10.1145/1165485.1165495,10.1145/1165485.1165495,conf/icail/SchildZ05
acm-paywall,ICAIL,2003,intro|fm-in-law,An Executable Specification of an Argumentation Protocol,Alexander Artikis; Marek J. Sergot; Jeremy Pitt,https://doi.org/10.1145/1047788.1047790,10.1145/1047788.1047790,conf/icail/ArtikisSP03
acm-paywall,ICAIL,1993,bounded-deontics,Violation of Norms,Tina Smith,https://doi.org/10.1145/158976.158983,10.1145/158976.158983,conf/icail/Smith93
acm-paywall,ICAIL,2009,determinacy-frontier|intro,Using critical questions to disambiguate and formalize statutory provisions,Matthias Grabmair; Kevin D. Ashley,https://doi.org/10.1145/1568234.1568273,10.1145/1568234.1568273,conf/icail/GrabmairA09
acm-paywall,ICAIL,2001,intro,Power: Using UML/OCL for modelling legislation - an application report,Tom M. van Engers,https://doi.org/10.1145/383535.383554,10.1145/383535.383554,conf/icail/Engers01
acm-paywall,ICAIL,2003,intro|fm-in-law,Logic-Based Regulation Compliance-Assistance,Shawn Kerrigan; Kincho H. Law,https://doi.org/10.1145/1047788.1047820,10.1145/1047788.1047820,conf/icail/KerriganL03
acm-paywall,ICAIL,2021,fm-in-law|intro,Modelling legal procedures,Antonino Rotolo; Clara Smith,https://doi.org/10.1145/3462757.3466089,10.1145/3462757.3466089,conf/icail/RotoloS21
acm-paywall,ICAIL,1987,intro,A Prolog Model of the Income Tax Act of Canada,D. M. Sherman,https://doi.org/10.1145/41735.41750,10.1145/41735.41750,conf/icail/Sherman87
acm-paywall,ICAIL,2003,intro|determinacy-frontier,Improving Legal Quality - an application report,Tom M. van Engers; Margherita R. Boekenoogen,https://doi.org/10.1145/1047788.1047844,10.1145/1047788.1047844,conf/icail/EngersB03
acm-paywall,ICAIL,2001,bounded-deontics,Norms and time in agent-based systems,Tiberiu Stratulat; Françoise Clérin-Debart; Patrice Enjalbert,https://doi.org/10.1145/383535.383556,10.1145/383535.383556,conf/icail/StratulatCE01
acm-paywall,ICAIL,2011,bounded-deontics|intro,Modelling semantic profiles in legislative documents for enhanced norm accessibility,Tommaso Agnoloni; Enrico Francesconi,https://doi.org/10.1145/2018358.2018374,10.1145/2018358.2018374,conf/icail/AgnoloniF11
acm-paywall,ICAIL,2001,bounded-deontics,An action-based ontology of legal relations,Guido Boella; Lyda Favali; Leonardo Lesmo,https://doi.org/10.1145/383535.383566,10.1145/383535.383566,conf/icail/BoellaFL01
acm-paywall,ICAIL,2003,fm-in-law,Modelling Legal Reasoning in a Mathematical Environment through Model-Theoretic Semantics,Samuel M. Brasil Jr.; Berilhes Borges Garcia,https://doi.org/10.1145/1047788.1047833,10.1145/1047788.1047833,conf/icail/BrasilG03
acm-paywall,ICAIL,2021,fm-in-law|intro,Interactive system for arranging issues based on PROLEG in civil litigation,Ken Satoh; Kazuko Takahashi; Tatsuki Kawasaki,https://doi.org/10.1145/3462757.3466096,10.1145/3462757.3466096,conf/icail/SatohTK21
acm-paywall,ICAIL,1989,intro,ASSYST - Computer Support for Guideline Sentencing,Eric Simon; Gerry Gaes,https://doi.org/10.1145/74014.74039,10.1145/74014.74039,conf/icail/SimonG89
acm-paywall,ICAIL,2001,bounded-deontics,Reasoning about the objects of attitudes and operators: Towards a disquotation theory for representation of propositional content,Steven O. Kimbrough,https://doi.org/10.1145/383535.383557,10.1145/383535.383557,conf/icail/Kimbrough01
acm-paywall,ICAIL,1993,intro,"Controlling and Augmenting Legal Inferencing: ysh, a Case Study",Graham Greenleaf; Andrew Mowbray,https://doi.org/10.1145/158976.158996,10.1145/158976.158996,conf/icail/GreenleafM93
acm-paywall,ICAIL,2005,intro,Computational Law,Nathaniel Love; Michael R. Genesereth,https://doi.org/10.1145/1165485.1165517,10.1145/1165485.1165517,conf/icail/LoveG05
acm-paywall,ICAIL,1997,intro,More than wyshful Thinking: AustLII&apos;s Legal Inferencing via the World Wide Web,Graham Greenleaf; Andrew Mowbray; Geoffrey King; Simon Cant; Philip Chung,https://doi.org/10.1145/261618.261629,10.1145/261618.261629,conf/icail/GreenleafMKCC97
acm-paywall,ICAIL,2003,intro,Using Configuration Technology as the Core of a Legal Decision Support System,Erik Roland van der Meer; I. S. Henriksen; Henrik Reif Andersen,https://doi.org/10.1145/1047788.1047824,10.1145/1047788.1047824,conf/icail/MeerHA03
acm-paywall,ICAIL,2001,intro|determinacy-frontier,Advisory systems for pro se litigants,Karl Branting,https://doi.org/10.1145/383535.383552,10.1145/383535.383552,conf/icail/Branting01
acm-paywall,ICAIL,2001,intro,Automated reasoning with legal XML documents,Laurence L. Leff,https://doi.org/10.1145/383535.383560,10.1145/383535.383560,conf/icail/Leff01
acm-paywall,ICAIL,2023,intro|cnl,Improving Translation of Case Descriptions into Logical Fact Formulas using LegalCaseNER,May Myo Zin; Ha-Thanh Nguyen; Ken Satoh; Saku Sugawara; Fumihito Nishino,https://doi.org/10.1145/3594536.3595141,10.1145/3594536.3595141,conf/icail/ZinNSSN23
acm-paywall,ICAIL,2001,cnl|intro,AustLII&apos;s Aide - Natural language legislative rulebases,Russell Allen; Philip Chung; Andrew Mowbray; Graham Greenleaf,https://doi.org/10.1145/383535.383564,10.1145/383535.383564,conf/icail/AllenCMG01
acm-paywall,ICAIL,2007,determinacy-frontier|intro,Representational complexity in law,Harry Surden; Michael R. Genesereth; Bret Logu,https://doi.org/10.1145/1276318.1276355,10.1145/1276318.1276355,conf/icail/SurdenGL07
acm-paywall,ICAIL,1993,intro|fm-in-law,Developing Legal Knowledge Based Systems Using Decision Tables,Jan Vanthienen; F. Robben,https://doi.org/10.1145/158976.159011,10.1145/158976.159011,conf/icail/VanthienenR93
acm-paywall,ICAIL,2001,intro,Design and implementation of GungaWeb: an application of classical expert system technology to the production of Web-based commercial systems,David E. Woodin,https://doi.org/10.1145/383535.383548,10.1145/383535.383548,conf/icail/Woodin01
acm-paywall,ICAIL,2015,intro|determinacy-frontier,How to ground a language for legal discourse in a prototypical perceptual semantics,L. Thorne McCarty,https://doi.org/10.1145/2746090.2746091,10.1145/2746090.2746091,conf/icail/McCarty15
acm-paywall,ICAIL,1997,intro,Determination of Residence Status for Taxation Law: Development of a Rule-Based Expert System,Rodney Fisher,https://doi.org/10.1145/261618.261649,10.1145/261618.261649,conf/icail/Fisher97
jurix-archive,JURIX,2011,intro|cnl,On Rule Extraction from Regulations,Adam Z. Wyner; Wim Peters,jurix.nl / IOS FAIA (largely OA; fetch by hand),10.3233/978-1-60750-981-3-113,conf/jurix/WynerP11
jurix-archive,JURIX,2011,bounded-deontics,Three Concepts of Defeasible Permission,Guido Governatori; Francesco Olivieri; Antonino Rotolo; Simone Scannapieco,jurix.nl / IOS FAIA (largely OA; fetch by hand),10.3233/978-1-60750-981-3-63,conf/jurix/GovernatoriORS11
jurix-archive,JURIX,2013,bounded-deontics|intro,Heuristics for Licenses Composition,Guido Governatori; Ho-Pun Lam; Antonino Rotolo; Serena Villata; Fabien Gandon,jurix.nl / IOS FAIA (largely OA; fetch by hand),10.3233/978-1-61499-359-9-77,conf/jurix/GovernatoriLRVG13
jurix-archive,JURIX,2010,bounded-deontics,Representations of Time within Normative MAS,Clara Smith; Antonino Rotolo; Giovanni Sartor,jurix.nl / IOS FAIA (largely OA; fetch by hand),10.3233/978-1-60750-682-9-107,conf/jurix/SmithRS10
jurix-archive,JURIX,2016,bounded-deontics,When and How to Violate Norms,Trevor J. M. Bench-Capon; Sanjay Modgil,jurix.nl / IOS FAIA (largely OA; fetch by hand),10.3233/978-1-61499-726-9-43,conf/jurix/Bench-CaponM16
jurix-archive,JURIX,2015,bounded-deontics,Burden of Compliance and Burden of Violation,Guido Governatori,jurix.nl / IOS FAIA (largely OA; fetch by hand),10.3233/978-1-61499-609-5-31,conf/jurix/Governatori15
jurix-archive,JURIX,2012,determinacy-frontier,Narrowing Legal Concepts,Guido Governatori; Francesco Olivieri; Antonino Rotolo; Simone Scannapieco,jurix.nl / IOS FAIA (largely OA; fetch by hand),10.3233/978-1-61499-167-0-51,conf/jurix/GovernatoriORS12
jurix-archive,JURIX,2010,intro|bounded-deontics,Temporal Dimensions in Rules Modelling,Monica Palmirani; Guido Governatori; Giuseppe Contissa,jurix.nl / IOS FAIA (largely OA; fetch by hand),10.3233/978-1-60750-682-9-159,conf/jurix/PalmiraniGC10
jurix-archive,JURIX,2015,bounded-deontics,Permissions in Deontic Event-Calculus,Guido Governatori; Mustafa Hashmi,jurix.nl / IOS FAIA (largely OA; fetch by hand),10.3233/978-1-61499-609-5-181,conf/jurix/GovernatoriH15
jurix-archive,JURIX,2008,fm-in-law,An Algorithm for Business Process Compliance,Guido Governatori; Antonino Rotolo,jurix.nl / IOS FAIA (largely OA; fetch by hand),10.3233/978-1-58603-952-3-186,conf/jurix/GovernatoriR08
jurix-archive,JURIX,2016,cnl|intro,Towards a Methodology for Formalizing Legal Texts in LegalRuleML,Adeline Nazarenko; François Lévy; Adam Z. Wyner,jurix.nl / IOS FAIA (largely OA; fetch by hand),10.3233/978-1-61499-726-9-149,conf/jurix/NazarenkoLW16
jurix-archive,JURIX,2014,determinacy-frontier,Interpretative Argumentation Schemes,Douglas Walton; Fabrizio Macagno; Giovanni Sartor,jurix.nl / IOS FAIA (largely OA; fetch by hand),10.3233/978-1-61499-468-8-21,conf/jurix/WaltonMS14
jurix-archive,JURIX,2009,intro,Translating the Japanese Presupposed Ultimate Fact Theory into Logic Programming,Ken Satoh; Masahiro Kubota; Yoshiaki Nishigai; Chiaki Takano,jurix.nl / IOS FAIA (largely OA; fetch by hand),10.3233/978-1-60750-082-7-162,conf/jurix/SatohKNT09
jurix-archive,JURIX,2011,bounded-deontics|intro,"Permissions in Contracts, a Logical Insight",Gordon J. Pace; Fernando Schapachnik,jurix.nl / IOS FAIA (largely OA; fetch by hand),10.3233/978-1-60750-981-3-140,conf/jurix/PaceS11
jurix-archive,JURIX,2009,intro|determinacy-frontier,Rule-based versus Principle-based Regulatory Compliance,Brigitte Burgemeestre; Joris Hulstijn; Yao-Hua Tan,jurix.nl / IOS FAIA (largely OA; fetch by hand),10.3233/978-1-60750-082-7-37,conf/jurix/BurgemeestreHT09
jurix-archive,JURIX,2014,bounded-deontics|fm-in-law,Analysing Norms with Transition Systems,Trevor J. M. Bench-Capon,jurix.nl / IOS FAIA (largely OA; fetch by hand),10.3233/978-1-61499-468-8-29,conf/jurix/Bench-Capon14
jurix-archive,JURIX,2010,fm-in-law|intro,Model Checking Legal Documents,Daniel Gorín; Sergio Mera; Fernando Schapachnik,jurix.nl / IOS FAIA (largely OA; fetch by hand),10.3233/978-1-60750-682-9-151,conf/jurix/GorinMS10
jurix-archive,JURIX,2012,bounded-deontics|intro,Types of Rights in Two-Party Systems: A Formal Analysis,Gordon J. Pace; Fernando Schapachnik,jurix.nl / IOS FAIA (largely OA; fetch by hand),10.3233/978-1-61499-167-0-105,conf/jurix/PaceS12
jurix-archive,JURIX,2015,bounded-deontics,Influence and Responsibility: A Logical Analysis,Emiliano Lorini; Giovanni Sartor,jurix.nl / IOS FAIA (largely OA; fetch by hand),10.3233/978-1-61499-609-5-51,conf/jurix/LoriniS15
jurix-archive,JURIX,2008,intro|fm-in-law,Automated Legal Assessment in OWL 2,Saskia van de Ven; Joost Breuker; Rinke Hoekstra; Lars Wortel,jurix.nl / IOS FAIA (largely OA; fetch by hand),10.3233/978-1-58603-952-3-170,conf/jurix/VenBHW08
jurix-archive,JURIX,2015,bounded-deontics,Extracting Hohfeldian Relations from Text,Wim Peters; Adam Z. Wyner,jurix.nl / IOS FAIA (largely OA; fetch by hand),10.3233/978-1-61499-609-5-189,conf/jurix/PetersW15
jurix-archive,JURIX,2016,intro|determinacy-frontier,Perspectives on the Formal Representation of the Interpretation of Norms,Robert van Doesburg; Tom M. van Engers,jurix.nl / IOS FAIA (largely OA; fetch by hand),10.3233/978-1-61499-726-9-183,conf/jurix/DoesburgE16
jurix-archive,JURIX,2016,intro,Describing Legal Policies as Story Tropes in Normative Systems,Matthew Thompson; Julian A. Padget; Ken Satoh,jurix.nl / IOS FAIA (largely OA; fetch by hand),10.3233/978-1-61499-726-9-207,conf/jurix/ThompsonPS16
jurix-archive,JURIX,2008,intro,Formal Aspects of Legislative Meta-Drafting,Carlo Biagioli; Davide Grossi,jurix.nl / IOS FAIA (largely OA; fetch by hand),10.3233/978-1-58603-952-3-192,conf/jurix/BiagioliG08
jurix-archive,JURIX,2010,fm-in-law|bounded-deontics,Reasoning about Normative Systems,Wiebe van der Hoek,jurix.nl / IOS FAIA (largely OA; fetch by hand),10.3233/978-1-60750-682-9-3,conf/jurix/Hoek10
jurix-archive,JURIX,2012,determinacy-frontier,Formalising a legal opinion on a legislative proposal in the ASPIC+ framework,Henry Prakken,jurix.nl / IOS FAIA (largely OA; fetch by hand),10.3233/978-1-61499-167-0-119,conf/jurix/Prakken12
jurix-archive,JURIX,2010,intro|fm-in-law,Semantic Analysis of Paragraphs Consisting of Multiple Sentences - Towards Development of a Logical Formulation System,Kenji Takano; Makoto Nakamura; Yoshiko Oyama; Akira Shimazu,jurix.nl / IOS FAIA (largely OA; fetch by hand),10.3233/978-1-60750-682-9-117,conf/jurix/TakanoNOS10
jurix-archive,JURIX,2012,intro,Computational data protection law: trusting each other offline and online,William J. Buchanan; Lu Fan; Alistair Lawson; Burkhard Schafer; Russel Scott; Christoph Thuemmler; Omair Uthmani,jurix.nl / IOS FAIA (largely OA; fetch by hand),10.3233/978-1-61499-167-0-31,conf/jurix/BuchananFLSSTU12
jurix-archive,JURIX,2009,intro,Emerald: Legal Knowledge Engineering Using OWL and Rules,András Förhécz; Gábor Korösi; András Millinghoffer; György Strausz,jurix.nl / IOS FAIA (largely OA; fetch by hand),10.3233/978-1-60750-082-7-53,conf/jurix/ForheczKMS09
jurix-archive,JURIX,2015,intro,Business Process Management for Legal Domains: Supporting Execution and Management of Preliminary Injunctions,Federico Capuzzimati; Andrea Violato; Matteo Baldoni; Guido Boella,jurix.nl / IOS FAIA (largely OA; fetch by hand),10.3233/978-1-61499-609-5-149,conf/jurix/CapuzzimatiVBB15
jurix-archive,JURIX,2015,bounded-deontics,No Match-making but Biconditionals: - Agents and the Role of the State in Legal Relations,Réka Markovich,jurix.nl / IOS FAIA (largely OA; fetch by hand),10.3233/978-1-61499-609-5-161,conf/jurix/Markovich15
open,DEON,2004,bounded-deontics,"Defeasible Logic: Agency, Intention and Obligation",Guido Governatori; Antonino Rotolo,http://espace.library.uq.edu.au/view/UQ:9638/deon04.pdf,10.1007/978-3-540-25927-5_8,conf/deon/GovernatoriR04
open,DEON,2008,bounded-deontics,Changing Legal Systems: Abrogation and Annulment Part I: Revision of Defeasible Theories,Guido Governatori; Antonino Rotolo,http://espace.library.uq.edu.au/view/UQ:134084/part1.pdf,10.1007/978-3-540-70525-3_2,conf/deon/GovernatoriR08
open,DEON,1996,bounded-deontics,Towards a Computational Treatment of Deontic Defeasibility,Alberto Artosi; Guido Governatori; Giovanni Sartor,https://espace.library.uq.edu.au/view/UQ:9610/DEON96.pdf,10.1007/978-1-4471-1488-8_2,conf/deon/ArtosiGS96
open,DEON,2004,bounded-deontics,Designing a Deontic Logic of Deadlines,Jan M. Broersen; Frank Dignum; Virginia Dignum; John-Jules Ch. Meyer,https://dspace.library.uu.nl/handle/1874/11502,10.1007/978-3-540-25927-5_5,conf/deon/BroersenDDM04
open,DEON,2008,bounded-deontics,Introducing Grades in Deontic Logics,Pilar Dellunde; Lluís Godo,http://www.iiia.csic.es/files/pdfs/1659.pdf,10.1007/978-3-540-70525-3_19,conf/deon/DellundeG08
open,DEON,2010,bounded-deontics,Obligations and Prohibitions in Talmudic Deontic Logic,Michael Abraham; Dov M. Gabbay; Uri J. Schild,http://orbilu.uni.lu/handle/10993/15940,10.1007/978-3-642-14183-6_13,conf/deon/AbrahamGS10
open,DEON,2008,bounded-deontics,Reactive Kripke Models and Contrary to Duty Obligations,Dov M. Gabbay,http://orbilu.uni.lu/handle/10993/15889,10.1007/978-3-540-70525-3_13,conf/deon/Gabbay08
open,DEON,2006,bounded-deontics|fm-in-law,"Strategic Deontic Temporal Logic as a Reduction to ATL, with an Application to Chisholm&apos;s Scenario",Jan M. Broersen,https://dspace.library.uu.nl/handle/1874/19972,10.1007/11786849_7,conf/deon/Broersen06
open,DEON,2012,bounded-deontics,Temporal Deontic Logic for the Generalised Chisholm Set of Contrary to Duty Obligations,Dov M. Gabbay,https://orbilu.uni.lu/handle/10993/26116,10.1007/978-3-642-31570-1_7,conf/deon/Gabbay12
open,DEON,2006,bounded-deontics,A Logical Architecture of a Normative System,Guido Boella; Leendert W. N. van der Torre,http://link.springer.com/chapter/10.1007/11786849_5,10.1007/11786849_5,conf/deon/BoellaT06
open,DEON,1996,bounded-deontics,"A Modal Approach to Intentions, Commitments and Obligations: Intention plus Commitment Yields Obligation",Frank Dignum; John-Jules Ch. Meyer; Roel J. Wieringa; Ruurd Kuiper,https://ris.utwente.nl/ws/files/6139830/dignum96modal.pdf,10.1007/978-1-4471-1488-8_5,conf/deon/DignumMWK96
open,DEON,2006,bounded-deontics,Counts-as: Classification or Constitution? An Answer Using Modal Logic,Davide Grossi; John-Jules Ch. Meyer; Frank Dignum,https://dspace.library.uu.nl/handle/1874/19680,10.1007/11786849_11,conf/deon/GrossiMD06
open,DEON,2006,bounded-deontics,Delegation of Power in Normative Multiagent Systems,Guido Boella; Leendert W. N. van der Torre,http://link.springer.com/chapter/10.1007/11786849_6,10.1007/11786849_6,conf/deon/BoellaT06a
open,DEON,2014,bounded-deontics,&quot;Sing and Dance!&quot; - Input/Output Logics without Weakening,Xavier Parent; Leendert W. N. van der Torre,http://orbilu.uni.lu/handle/10993/24914,10.1007/978-3-319-08615-6_12,conf/deon/ParentT14
open,DEON,2004,bounded-deontics,Collective Obligations and Agents: Who Gets the Blame?,Davide Grossi; Frank Dignum; Lambèr M. M. Royakkers; John-Jules Ch. Meyer,https://dspace.library.uu.nl/bitstream/handle/1874/19701/dignum_04_collective.pdf?sequence=1&isAllowed=y,10.1007/978-3-540-25927-5_9,conf/deon/GrossiDRM04
open,DEON,2010,bounded-deontics,Deontic Redundancy: A Fundamental Challenge for Deontic Logic,Leendert W. N. van der Torre,http://link.springer.com/chapter/10.1007/978-3-642-14183-6_4,10.1007/978-3-642-14183-6_4,conf/deon/Torre10
open,DEON,2010,bounded-deontics,Avoiding Deontic Explosion by Contextually Restricting Aggregation,Joke Meheus; Mathieu Beirlaen; Frederik Van De Putte,https://biblio.ugent.be/publication/1854791,10.1007/978-3-642-14183-6_12,conf/deon/MeheusBP10
open,DEON,2010,bounded-deontics,Moral Particularism and Deontic Logic,Xavier Parent,http://orbilu.uni.lu/handle/10993/14547,10.1007/978-3-642-14183-6_8,conf/deon/Parent10
open,DEON,2014,bounded-deontics,Toward a Linguistic Interpretation of Deontic Paradoxes - Beth-Reichenbach Semantics Approach for a New Analysis of the Miners Scenario,Dov M. Gabbay; Livio Robaldo; Xin Sun; Leendert W. N. van der Torre; Zohreh Baniasadi,https://orbilu.uni.lu/handle/10993/26837,10.1007/978-3-319-08615-6_9,conf/deon/GabbayRSTB14
open,DEON,1996,bounded-deontics,Must I Do What I Ought? (Or Will the Least I Can Do Do?),Paul McNamara,https://philpapers.org/archive/MCNMID.pdf,10.1007/978-1-4471-1488-8_9,conf/deon/McNamara96
open,DEON,2010,bounded-deontics,Introducing Exclusion Logic as a Deontic Logic,Richard Evans,https://philpapers.org/archive/EVAIEL.pdf,10.1007/978-3-642-14183-6_14,conf/deon/Evans10
open,DEON,2004,fm-in-law|bounded-deontics,Specifying Multiagent Organizations,Leendert W. N. van der Torre; Joris Hulstijn; Mehdi Dastani; Jan M. Broersen,https://dspace.library.uu.nl/handle/1874/19965,10.1007/978-3-540-25927-5_16,conf/deon/TorreHDB04
open,DEON,2014,bounded-deontics,Chisholm&apos;s Paradox and Conditional Oughts,Catharine Saint Croix; Richmond H. Thomason,https://philpapers.org/archive/SAICPA-2.pdf,10.1007/978-3-319-08615-6_15,conf/deon/CroixT14
open,DEON,2012,bounded-deontics|intro,"A Computationally Grounded Dynamic Logic of Agency, with an Application to Legal Actions",Andreas Herzig; Tiago de Lima; Emiliano Lorini; Nicolas Troquard,http://www.irit.fr/~Andreas.Herzig/P/Deon12.pdf,10.1007/978-3-642-31570-1_12,conf/deon/HerzigLLT12
open,ICAIL,2005,bounded-deontics,Temporalised Normative Positions in Defeasible Logic,Guido Governatori; Antonino Rotolo; Giovanni Sartor,http://espace.library.uq.edu.au/view/UQ:9579/ic05.pdf,10.1145/1165485.1165490,conf/icail/GovernatoriRS05
open,ICAIL,2015,bounded-deontics|fm-in-law,Thou shalt is not you will,Guido Governatori,https://arxiv.org/pdf/1404.1685,10.1145/2746090.2746105,conf/icail/Governatori15
open,ICAIL,2007,bounded-deontics,Variants of temporal defeasible logics for modelling norm modifications,Guido Governatori; Antonino Rotolo; Régis Riveret; Monica Palmirani; Giovanni Sartor,http://espace.library.uq.edu.au/view/UQ:13611/icail.pdf,10.1145/1276318.1276347,conf/icail/GovernatoriRRPS07
open,ICAIL,2021,intro|determinacy-frontier,"Converting copyright legislation into machine-executable code: interpretation, coding validation and legal alignment",Alice Witt; Anna Huggins; Guido Governatori; Joshua Buckley,https://figshare.com/articles/conference_contribution/Converting_copyright_legislation_into_machine-executable_code_interpretation_coding_validation_and_legal_alignment/27593496,10.1145/3462757.3466083,conf/icail/WittHGB21
open,ICAIL,2001,intro,A formal approach to legal negotiation,Guido Governatori; Marlon Dumas; Arthur H. M. ter Hofstede; Phillipa Oaks,http://espace.library.uq.edu.au/view/UQ:9619/governatori.pdf,10.1145/383535.383555,conf/icail/GovernatoriDHO01
open,ICAIL,2023,bounded-deontics|determinacy-frontier,Deontic Ambiguities in Legal Reasoning,Guido Governatori; Antonino Rotolo,https://hdl.handle.net/11585/961928,10.1145/3594536.3595175,conf/icail/GovernatoriR23
open,ICAIL,2013,determinacy-frontier,Modeling teleological interpretation,Tomasz Zurek; Michal Araszkiewicz,http://ruj.uj.edu.pl/xmlui/handle/item/12551,10.1145/2514601.2514619,conf/icail/ZurekA13
open,ICAIL,1993,determinacy-frontier,A Simple Computational Model for Nonmonotonic and Adversarial Legal Reasoning,Giovanni Sartor,https://dl.acm.org/doi/pdf/10.1145/158976.159001,10.1145/158976.159001,conf/icail/Sartor93
open,ICAIL,1987,intro,Logic Programming for Large Scale Applications in Law: A Formalisation of Supplementary Benefit Legislation,Trevor J. M. Bench-Capon; G. O. Robinson; Tom Routen; Marek J. Sergot,https://dl.acm.org/doi/pdf/10.1145/41735.41757,10.1145/41735.41757,conf/icail/Bench-CaponRRS87
open,ICAIL,2013,bounded-deontics,Legal contractions: a logical analysis,Guido Governatori; Antonino Rotolo; Francesco Olivieri; Simone Scannapieco,http://hdl.handle.net/10072/58750,10.1145/2514601.2514609,conf/icail/GovernatoriROS13
open,ICAIL,2017,bounded-deontics,The pragmatic oddity in norm-based deontic logics,Xavier Parent; Leendert W. N. van der Torre,https://zenodo.org/record/3502305,10.1145/3086512.3086529,conf/icail/ParentT17
open,ICAIL,2025,bounded-deontics,Judicial Permission,Guido Governatori; Antonino Rotolo,https://doi.org/10.1145/3769126.3769250,10.1145/3769126.3769250,conf/icail/GovernatoriR25
open,ICAIL,2025,bounded-deontics,Rule-based Deontic Case-based Reasoning,Antonino Rotolo; Cecilia Di Florio; Guido Governatori,https://dl.acm.org/doi/10.1145/3769126.3769242,10.1145/3769126.3769242,conf/icail/RotoloFG25
open,ICAIL,2017,determinacy-frontier,Combining fuzzy logic and formal argumentation for legal interpretation,Célia da Costa Pereira; Andrea G. B. Tettamanzi; Beishui Liao; Alessandra Malerba; Antonino Rotolo; Leendert W. N. van der Torre,https://inria.hal.science/hal-01672343v1/document,10.1145/3086512.3086532,conf/icail/PereiraTLMRT17
open,ICAIL,2021,bounded-deontics,Unravel legal references in defeasible deontic logic,Guido Governatori; Francesco Olivieri,http://hdl.handle.net/10072/407857,10.1145/3462757.3466080,conf/icail/GovernatoriO21
open,ICAIL,2013,bounded-deontics,A deontic logic semantics for licenses composition in the web of data,Antonino Rotolo; Serena Villata; Fabien Gandon,https://inria.hal.science/hal-00907879/document,10.1145/2514601.2514614,conf/icail/RotoloVG13
open,ICAIL,1989,determinacy-frontier,Issue Spotting in a System for Searching Interpretation Spaces,Thomas F. Gordon,https://dl.acm.org/doi/pdf/10.1145/74014.74035,10.1145/74014.74035,conf/icail/Gordon89
open,ICAIL,2017,bounded-deontics,Changes to temporary norms,Matteo Cristani; Francesco Olivieri; Antonino Rotolo,http://hdl.handle.net/11585/626954,10.1145/3086512.3086517,conf/icail/CristaniOR17
open,ICAIL,2019,bounded-deontics|fm-in-law,Automated reasoning in normative detachment structures with ideal conditions,Tomer Libal; Matteo Pascucci,https://arxiv.org/pdf/1810.09993,10.1145/3322640.3326707,conf/icail/LibalP19
open,ICAIL,1995,bounded-deontics,Obligations Directed from Bearers to Counterparts,Henning Herrestad; Christen Krogh,https://dl.acm.org/doi/pdf/10.1145/222092.222243,10.1145/222092.222243,conf/icail/HerrestadK95
open,ICAIL,2025,cnl|intro,"You Take the High Road, and I&apos;ll Take the Low Road: Large Language Models Logical English and the Highway Code",Thiago Raulino Dal Pont; Galileo Sartor; Adam Z. Wyner; Giovanni Sartor,https://doi.org/10.1145/3769126.3769254,10.1145/3769126.3769254,conf/icail/PontSWS25
open,ICAIL,2017,determinacy-frontier,Compliance patterns: harnessing value modeling and legal interpretation to manage regulatory conversations,Robert Muthuri; Guido Boella; Joris Hulstijn; Sara Capecchi; Llio Humphreys,http://hdl.handle.net/2318/1650088,10.1145/3086512.3086526,conf/icail/MuthuriBHCH17
open,ICAIL,2025,bounded-deontics|cnl,Legal Explanation in Defeasible Deontic Logic via LegalRuleML,Guido Governatori; Monica Palmirani,https://doi.org/10.1145/3769126.3769257,10.1145/3769126.3769257,conf/icail/GovernatoriP25
open,ICAIL,2023,intro|determinacy-frontier,Identification of Legislative Errors,Michal Araszkiewicz; Enrico Francesconi; Tomasz Zurek,https://ruj.uj.edu.pl/xmlui/handle/item/324349,10.1145/3594536.3595172,conf/icail/AraszkiewiczFZ23
open,ICAIL,1993,intro|determinacy-frontier,Legal Interpretation in Expert Systems,Daniel Poulin; Paul Bratley; Jacques Frémont; Ejan Mackaay,https://dl.acm.org/doi/pdf/10.1145/158976.158988,10.1145/158976.158988,conf/icail/PoulinBFM93
open,ICAIL,1989,intro,A Language for Legal Discourse I: Basic Features,L. Thorne McCarty,https://dl.acm.org/doi/pdf/10.1145/74014.74037,10.1145/74014.74037,conf/icail/McCarty89
open,ICAIL,2025,bounded-deontics,"&quot;Lost in EU Regulation? Don&apos;t Worry, AI Found the Obligation&quot;: Extracting and Representing Legal Obligations in the GDPR the DSA and the AI Act",Thiago Raulino Dal Pont; Federico Galli; Galileo Sartor; Giuseppe Contissa,https://doi.org/10.1145/3769126.3769260,10.1145/3769126.3769260,conf/icail/PontGSC25
open,ICAIL,2025,fm-in-law,A Causal Model Checker for Legal Cases,Ruta Liepina; Tiago de Lima; Emiliano Lorini; Giuseppe Pisano; Giovanni Sartor,https://doi.org/10.1145/3769126.3769207,10.1145/3769126.3769207,conf/icail/LiepinaLLPS25
open,ICAIL,2023,determinacy-frontier,Reasoning with hierarchies of open-textured predicates,Ilaria Canavotto; John F. Horty,https://dl.acm.org/doi/pdf/10.1145/3594536.3595148,10.1145/3594536.3595148,conf/icail/CanavottoH23
open,ICAIL,1991,intro,Legislative Knowledge Base Systems for Public Administration: Some Practical Issues,Peter Johnson; David Mead,https://dl.acm.org/doi/pdf/10.1145/112646.112660,10.1145/112646.112660,conf/icail/JohnsonM91
open,ICAIL,2009,intro|bounded-deontics,Abstract specification of legal contracts,Cristian Prisacariu; Gerardo Schneider,http://www.ifi.uio.no/~gerardo/icail09.pdf,10.1145/1568234.1568262,conf/icail/PrisacariuS09
open,ICAIL,1989,determinacy-frontier|intro,Interpreting Statutory Predicates,Edwina L. Rissland; David B. Skalak,https://dl.acm.org/doi/pdf/10.1145/74014.74021,10.1145/74014.74021,conf/icail/RisslandS89
open,ICAIL,1995,cnl|intro,A Computational Framework for Dialectical Reasoning,Pierre St-Vincent; Daniel Poulin; Paul Bratley,https://dl.acm.org/doi/pdf/10.1145/222092.222224,10.1145/222092.222224,conf/icail/St-VincentPB95
open,ICAIL,2025,cnl|intro,Towards Machine-Readable Traffic Laws: Formalizing Traffic Rules into PROLOG Using LLMs,May Myo Zin; Georg Borges; Ken Satoh; Wachara Fungwacharakorn,https://doi.org/10.1145/3769126.3769222,10.1145/3769126.3769222,conf/icail/ZinBSF25
open,ICAIL,2017,determinacy-frontier|intro,On making autonomous vehicles respect traffic law: a case study for dutch law,Henry Prakken,https://research.rug.nl/en/publications/c93c1d4a-bbc8-4e5b-af86-bfe381ac460e,10.1145/3086512.3086542,conf/icail/Prakken17
open,ICAIL,2025,determinacy-frontier,DeCoRA: Definition and Context Reasoning in Argumentation,Ngoc-Duy Mai; Xuan-Bach Le; Thi-Hai-Yen Vuong; Ha-Thanh Nguyen; Kostas Stathis; Ken Satoh,https://doi.org/10.1145/3769126.3769226,10.1145/3769126.3769226,conf/icail/MaiLVNSS25
open,ICAIL,1997,intro,Formalization of Legislative Documents Based on a Functional Model,Daniela Tiscornia; Fabrizio Turchi,https://dl.acm.org/doi/pdf/10.1145/261618.261633,10.1145/261618.261633,conf/icail/TiscorniaT97
open,ICAIL,2025,determinacy-frontier,AF-XRAY: Visual Explanation and Resolution of Ambiguity in Legal Argumentation Frameworks,Yilin Xia; Heng Zheng; Shawn Bowers; Bertram Ludäscher,https://doi.org/10.1145/3769126.3769246,10.1145/3769126.3769246,conf/icail/Xia0BL25
open,ICAIL,1987,bounded-deontics,Legal Reasoning in 3-D,Marvin Belzer,https://dl.acm.org/doi/pdf/10.1145/41735.41753,10.1145/41735.41753,conf/icail/Belzer87
open,ICAIL,2005,bounded-deontics,Modal logic investigations in the Modal logic investigations in the semantics of counts semantics of counts-as as,Davide Grossi; John-Jules Ch. Meyer; Frank Dignum,http://dspace.library.uu.nl:8080/handle/1874/19632,10.1145/1165485.1165487,conf/icail/GrossiMD05
open,ICAIL,1997,intro,Achieving Fluency in Modernized and Formalized Hohfeld: Puzzles and Games for the LEGAL RELATIONS Language,Layman E. Allen; Charles S. Saxon,https://dl.acm.org/doi/pdf/10.1145/261618.261623,10.1145/261618.261623,conf/icail/AllenS97
open,ICAIL,1997,bounded-deontics,Towards a Logical Formalization of Responsibility,Laurence Cholvy; Frédéric Cuppens; Claire Saurel,https://dl.acm.org/doi/pdf/10.1145/261618.261658,10.1145/261618.261658,conf/icail/CholvyCS97
open,ICAIL,1995,intro,The Systematization of Legal Meta-Inference,Hajime Yoshino,https://dl.acm.org/doi/pdf/10.1145/222092.222257,10.1145/222092.222257,conf/icail/Yoshino95
open,ICAIL,1987,bounded-deontics,On the Relationship Between Permission and Obligation,A. J. I. Jones,https://dl.acm.org/doi/pdf/10.1145/41735.41754,10.1145/41735.41754,conf/icail/Jones87
open,ICAIL,1995,intro,"Better Language, Better Thought, Better Communication: The A-Hohfeld Language for Legal Analysis",Layman E. Allen; Charles S. Saxon,https://dl.acm.org/doi/pdf/10.1145/222092.222245,10.1145/222092.222245,conf/icail/AllenS95
open,ICAIL,2023,intro,On Normative Arrows and Comparing Tax Automation Systems,Paulus N. Meessen,https://dl.acm.org/doi/pdf/10.1145/3594536.3595160,10.1145/3594536.3595160,conf/icail/Meessen23
open,ICAIL,1991,intro,Knowledge-Based Approaches to Government Benefits Analysis,Marc Lauritsen,https://dl.acm.org/doi/pdf/10.1145/112646.112659,10.1145/112646.112659,conf/icail/Lauritsen91
open,ICAIL,1995,bounded-deontics,Solving Normative Conflicts by Merging Roles,Laurence Cholvy; Frédéric Cuppens,https://dl.acm.org/doi/pdf/10.1145/222092.222241,10.1145/222092.222241,conf/icail/CholvyC95
open,ICAIL,1995,cnl|intro,Automated Legislative Drafting: Generating Paraphrases of Legislation,Radboud Winkels; Nienke den Haan,https://dl.acm.org/doi/pdf/10.1145/222092.222202,10.1145/222092.222202,conf/icail/WinkelsH95
open,ICAIL,1989,intro,The Treatment of Negation in Logic Programs for Representing Legislation,Robert A. Kowalski,https://dl.acm.org/doi/pdf/10.1145/74014.74016,10.1145/74014.74016,conf/icail/Kowalski89
open,ICAIL,2015,determinacy-frontier,Incorporation of complex doctrinal theories in a model of statutory interpretation: an example of adequate causal link,Michal Araszkiewicz,http://ruj.uj.edu.pl/xmlui/handle/item/13412,10.1145/2746090.2746114,conf/icail/Araszkiewicz15
open,ICAIL,1995,intro,A Constraint-Driven System for Contract Assembly,Aspassia Daskalopulu; Marek J. Sergot,https://dl.acm.org/doi/pdf/10.1145/222092.222130,10.1145/222092.222130,conf/icail/DaskalopuluS95
open,ICAIL,1995,intro|bounded-deontics,New HELIC-II: A Software Tool for Legal Eeasoning,Katsumi Nitta; Masato Shibasaki; Tsuyoshi Sakata; Takahiro Yamaji; Wang Xianchang; Hiroshi Ohsaki; Satoshi Tojo; Iwao Kokubo; T. Anu Suzuki,https://dl.acm.org/doi/pdf/10.1145/222092.222260,10.1145/222092.222260,conf/icail/NittaSSYXOTKS95
open,ICAIL,2025,fm-in-law|bounded-deontics,Logical Modalities within the European AI Act: An Analysis,Lara Lawniczak; Christoph Benzmüller,https://doi.org/10.1145/3769126.3769202,10.1145/3769126.3769202,conf/icail/LawniczakB25
open,ICAIL,2021,intro|fm-in-law,Constraint answer set programming as a tool to improve legislative drafting: a rules as code experiment,Jason Morris,https://ink.library.smu.edu.sg/ccla/7,10.1145/3462757.3466084,conf/icail/Morris21
open,ICAIL,2013,intro|fm-in-law,A model-based approach to the automatic revision of secondary legislation,Tingting Li; Tina Balke; Marina De Vos; Julian A. Padget; Ken Satoh,https://purehost.bath.ac.uk/ws/files/17548286/icail_CRC_submitted.pdf,10.1145/2514601.2514627,conf/icail/LiBVPS13
open,ICAIL,2023,intro,JusticeBot: A Methodology for Building Augmented Intelligence Tools for Laypeople to Increase Access to Justice,Hannes Westermann; Karim Benyekhlef,http://arxiv.org/pdf/2308.02032v1,10.1145/3594536.3595166,conf/icail/WestermannB23
open,ICAIL,1991,determinacy-frontier,Representing and Reasoning About Open-Textured Predicates,Kathryn E. Sanders,https://dl.acm.org/doi/pdf/10.1145/112646.112663,10.1145/112646.112663,conf/icail/Sanders91
open,ICAIL,2025,intro|determinacy-frontier,Applying a Fidelity Approach to Choices in Encoding Legislation,Nicholas Godfrey,https://doi.org/10.1145/3769126.3769131,10.1145/3769126.3769131,conf/icail/Godfrey25
open,ICAIL,1995,bounded-deontics|determinacy-frontier,Hart&apos;s Critics on Defeasible Concepts and Ascriptivism,Ronald Prescott Loui,https://dl.acm.org/doi/pdf/10.1145/222092.222099,10.1145/222092.222099,conf/icail/Loui95
open,ICAIL,2021,bounded-deontics|fm-in-law,Towards compliance checking in reified I/O logic via SHACL,Livio Robaldo,https://cronfa.swan.ac.uk/Record/cronfa56727/Download/56727__19747__f61cb7fc6dc9481f959390a34cc038c0.pdf,10.1145/3462757.3466065,conf/icail/Robaldo21
open,ICAIL,1993,intro,Beyond Knowledge Representation: Commercial Uses for Legal Knowledge Bases,Surendra Dayal; Michael Harmer; Peter Johnson; David Mead,https://dl.acm.org/doi/pdf/10.1145/158976.158997,10.1145/158976.158997,conf/icail/DayalHJM93
open,ICAIL,2015,intro,"At your service, on the definition of services from sources of law",Tom M. van Engers; Robert van Doesburg,https://pure.uva.nl/ws/files/2740128/170690_At_Your_Service_On_the_Definition_of_Services_from_Sources_of_Law_published_version_.pdf,10.1145/2746090.2746115,conf/icail/EngersD15
open,ICAIL,1989,bounded-deontics,A Sketch of Logic Without Truth,Carlos E. Alchourrón; Antonio A. Martino,https://dl.acm.org/doi/pdf/10.1145/74014.74036,10.1145/74014.74036,conf/icail/AlchourronM89
open,ICAIL,2013,fm-in-law|intro,Synthesising implicit contracts,Gordon J. Pace; Fernando Schapachnik,https://www.um.edu.mt/library/oar//handle/123456789/23054,10.1145/2514601.2514630,conf/icail/PaceS13
open,ICAIL,1989,determinacy-frontier,A Specialized Expert System for Judicial Decision Support,V. P. Pethe; C. P. Rippey; Laxmikant V. Kalé,https://dl.acm.org/doi/pdf/10.1145/74014.74038,10.1145/74014.74038,conf/icail/PetheRK89
open,ICAIL,2025,intro,ALEXChat: a Generative - Symbolic Approach to Legal eXplainability,Marco Billi; Alessandro Parenti; Giuseppe Pisano; Marco Sanchi,https://doi.org/10.1145/3769126.3769234,10.1145/3769126.3769234,conf/icail/BilliPPS25
open,ICAIL,1987,intro,Esplex: A Rule and Conceptual Model for Representing Statutes,Carlo Biagioli; Paola Mariani; Daniela Tiscornia,https://dl.acm.org/doi/pdf/10.1145/41735.41762,10.1145/41735.41762,conf/icail/BiagioliMT87
open,ICAIL,1987,intro,System = Program + Users + Law,Naftaly H. Minsky; David Rozenshtein,https://dl.acm.org/doi/pdf/10.1145/41735.41755,10.1145/41735.41755,conf/icail/MinskyR87
open,ICAIL,1991,intro,An expert system for the application of import and export regulations,G. Van Nevel; F. Balfroid; R. Venken,https://dl.acm.org/doi/pdf/10.1145/112646.112681,10.1145/112646.112681,conf/icail/NevelBV91
open,ICAIL,2025,bounded-deontics,Intents in Actions,Joseph Y. Halpern; Meir Friedenberg,https://doi.org/10.1145/3769126.3769203,10.1145/3769126.3769203,conf/icail/HalpernF25
open,ICAIL,2025,determinacy-frontier|intro,A Demonstration of a Semi-Structured Legal Reasoning Framework,Hannes Westermann,https://dl.acm.org/doi/pdf/10.1145/3769126.3769196?download=true,10.1145/3769126.3769196,conf/icail/Westermann25
open,JURIX,2020,bounded-deontics,Free Choice Permission in Defeasible Deontic Logic,Guido Governatori; Antonino Rotolo,https://ebooks.iospress.nl/pdf/doi/10.3233/FAIA200853,10.3233/FAIA200853,conf/jurix/GovernatoriR20
open,JURIX,2022,bounded-deontics,Stable Normative Explanations,Guido Governatori; Francesco Olivieri; Antonino Rotolo; Matteo Cristani,https://ebooks.iospress.nl/pdf/doi/10.3233/FAIA220447,10.3233/FAIA220447,conf/jurix/GovernatoriORC22
open,JURIX,2016,determinacy-frontier,Interpretation Across Legal Systems,Alessandra Malerba; Antonino Rotolo; Guido Governatori,http://hdl.handle.net/11585/602591,10.3233/978-1-61499-726-9-83,conf/jurix/MalerbaRG16
open,JURIX,2014,determinacy-frontier,Argumentation Schemes for Statutory Interpretation: A Logical Analysis,Giovanni Sartor; Doug Walton; Fabrizio Macagno; Antonino Rotolo,https://scholar.uwindsor.ca/cgi/viewcontent.cgi?article=1032&context=crrarpub,10.3233/978-1-61499-468-8-11,conf/jurix/SartorWMR14
open,JURIX,2019,bounded-deontics,Deontic Closure and Conflict in Legal Reasoning,Guido Governatori; Robert Mullins,https://doi.org/10.3233/faia190322,10.3233/FAIA190322,conf/jurix/GovernatoriM19
open,JURIX,2019,bounded-deontics,A Computational Model for Pragmatic Oddity,Guido Governatori; Antonino Rotolo,https://doi.org/10.3233/faia190323,10.3233/FAIA190323,conf/jurix/GovernatoriR19a
open,JURIX,2018,intro,Legal Representation and Reasoning in Practice: A Critical Comparison,Sotiris Batsakis; George Baryannis; Guido Governatori; Ilias Tachmazidis; Grigoris Antoniou,https://doi.org/10.3233/978-1-61499-935-5-31,10.3233/978-1-61499-935-5-31,conf/jurix/BatsakisBGTA18
open,JURIX,2023,bounded-deontics,Permission in a Kelsenian Perspective,Agata Ciabattoni; Xavier Parent; Giovanni Sartor,https://ebooks.iospress.nl/pdf/doi/10.3233/FAIA230953,10.3233/FAIA230953,conf/jurix/CiabattoniPS23
open,JURIX,2017,cnl|bounded-deontics,Normative Requirements as Linked Data,Fabien Gandon; Guido Governatori; Serena Villata,https://doi.org/10.3233/978-1-61499-838-9-1,10.3233/978-1-61499-838-9-1,conf/jurix/GandonGV17
open,JURIX,2020,bounded-deontics|fm-in-law,Traffic Rules Encoding Using Defeasible Deontic Logic,Hanif Bhuiyan; Guido Governatori; Andy Bond; Sébastien Demmel; Mohammad Badiul Islam; Andry Rakotonirainy,https://ebooks.iospress.nl/pdf/doi/10.3233/FAIA200844,10.3233/FAIA200844,conf/jurix/BhuiyanGBDIR20
open,JURIX,2022,determinacy-frontier,A Hybrid Model of Argument Concerning Preferences Between Statutory Interpretation Canons,Michal Araszkiewicz,https://ebooks.iospress.nl/pdf/doi/10.3233/FAIA220443,10.3233/FAIA220443,conf/jurix/Araszkiewicz22
open,JURIX,2023,intro|bounded-deontics,Deontics and Time in Contracts: An Executable Semantics for the L4 DSL,Seng Joe Watt; Oliver R. Goodenough; Meng Weng Wong,https://ebooks.iospress.nl/pdf/doi/10.3233/FAIA230954,10.3233/FAIA230954,conf/jurix/WattGW23
open,JURIX,2021,bounded-deontics,A Kelsenian Deontic Logic,Agata Ciabattoni; Xavier Parent; Giovanni Sartor,https://ebooks.iospress.nl/pdf/doi/10.3233/FAIA210330,10.3233/FAIA210330,conf/jurix/CiabattoniPS21
open,JURIX,2019,bounded-deontics|fm-in-law,Legal Compliance in a Linked Open Data Framework,Enrico Francesconi; Guido Governatori,https://doi.org/10.3233/faia190321,10.3233/FAIA190321,conf/jurix/FrancesconiG19
open,JURIX,2017,cnl,On Annotation of the Textual Contents of Scottish Legal Instruments,Adam Z. Wyner; Fraser Gough; François Lévy; Matt Lynch; Adeline Nazarenko,https://doi.org/10.3233/978-1-61499-838-9-101,10.3233/978-1-61499-838-9-101,conf/jurix/WynerGLLN17
open,JURIX,2018,bounded-deontics|intro,On Observing Contracts: Deontic Contracts Meet Smart Contracts,Shaun Azzopardi; Gordon J. Pace; Fernando Schapachnik,https://doi.org/10.3233/978-1-61499-935-5-21,10.3233/978-1-61499-935-5-21,conf/jurix/AzzopardiPS18
open,JURIX,2018,bounded-deontics|intro,Modelling Legal Knowledge for GDPR Compliance Checking,Monica Palmirani; Guido Governatori,https://doi.org/10.3233/978-1-61499-935-5-101,10.3233/978-1-61499-935-5-101,conf/jurix/PalmiraniG18
open,JURIX,2012,intro|fm-in-law,An Empirical Approach to the Semantic Representation of Laws,Adam Z. Wyner; Johan Bos; Valerio Basile; Paulo Quaresma,http://hdl.handle.net/2318/1698231,10.3233/978-1-61499-167-0-177,conf/jurix/WynerBBQ12
open,JURIX,2024,bounded-deontics|determinacy-frontier,Modeling Judicial Discretion with Nuanced Permissions,Josephine Dik; Réka Markovich,https://ebooks.iospress.nl/pdf/doi/10.3233/FAIA241233,10.3233/FAIA241233,conf/jurix/DikM24
open,JURIX,2022,bounded-deontics|fm-in-law,An Automata-Based Formalism for Normative Documents with Real-Time,Stefan Chircop; Gordon J. Pace; Gerardo Schneider,https://ebooks.iospress.nl/pdf/doi/10.3233/FAIA220460,10.3233/FAIA220460,conf/jurix/ChircopPS22
open,JURIX,2019,intro,Renvoi in Private International Law: A Formalization with Modal Contexts,Matteo Baldoni; Laura Giordano; Ken Satoh,https://doi.org/10.3233/faia190318,10.3233/FAIA190318,conf/jurix/Baldoni0S19
open,JURIX,2019,bounded-deontics|intro,Defeasible Systems in Legal Reasoning: A Comparative Assessment,Roberta Calegari; Giuseppe Contissa; Francesca Lagioia; Andrea Omicini; Giovanni Sartor,https://doi.org/10.3233/faia190320,10.3233/FAIA190320,conf/jurix/CalegariCLOS19
open,JURIX,2017,determinacy-frontier,Balancing with Thresholds,Michal Araszkiewicz; Tomasz Zurek,https://doi.org/10.3233/978-1-61499-838-9-107,10.3233/978-1-61499-838-9-107,conf/jurix/AraszkiewiczZ17
open,JURIX,2013,determinacy-frontier,Towards Systematic Research on Statutory Interpretation in AI and Law,Michal Araszkiewicz,http://ruj.uj.edu.pl/xmlui/handle/item/13067,10.3233/978-1-61499-359-9-15,conf/jurix/Araszkiewicz13
open,JURIX,2024,bounded-deontics,Norm Compliance in Reinforcement Learning Agents via Restraining Bolts,Emery A. Neufeld; Agata Ciabattoni; Radu Florin Tulcan,https://ebooks.iospress.nl/pdf/doi/10.3233/FAIA241239,10.3233/FAIA241239,conf/jurix/NeufeldCT24
open,JURIX,2018,bounded-deontics|cnl,Legal Ontology for Modelling GDPR Concepts and Norms,Monica Palmirani; Michele Martoni; Arianna Rossi; Cesare Bartolini; Livio Robaldo,https://doi.org/10.3233/978-1-61499-935-5-91,10.3233/978-1-61499-935-5-91,conf/jurix/PalmiraniMRBR18
open,JURIX,2015,bounded-deontics|intro,Conditional Permissions in Contracts,Gordon J. Pace; Fernando Schapachnik; Gerardo Schneider,https://www.um.edu.mt/library/oar//handle/123456789/27636,10.3233/978-1-61499-609-5-61,conf/jurix/PaceSS15
open,JURIX,2021,bounded-deontics,Timed Dyadic Deontic Logic,Karam Younes Kharraz; Martin Leucker; Gerardo Schneider,https://ebooks.iospress.nl/pdf/doi/10.3233/FAIA210336,10.3233/FAIA210336,conf/jurix/KharrazLS21
open,JURIX,2024,bounded-deontics,A Logical Framework for Weak Permissions in Criminal Procedure,Guido Governatori; Antonino Rotolo,https://ebooks.iospress.nl/pdf/doi/10.3233/FAIA241273,10.3233/FAIA241273,conf/jurix/GovernatoriR24
open,JURIX,2025,bounded-deontics,Plans and Diversions EA,Galileo Sartor; Guido Governatori; Giuseppe Pisano; Antonino Rotolo; Adam Wyner,https://doi.org/10.3233/faia251629,10.3233/FAIA251629,conf/jurix/SartorGPR025
open,JURIX,2014,intro,On the Interactional Meaning of Fundamental Legal Concepts,Giovanni Sileno; Alexander Boer; Tom M. van Engers,https://pure.uva.nl/ws/files/38829899/154586_JURIX2014.pdf,10.3233/978-1-61499-468-8-39,conf/jurix/SilenoBE14
open,JURIX,2025,determinacy-frontier,Precedent as Interpretive Resource: A Case Frame Analysis of Statutory Reasoning,Michal Araszkiewicz,https://doi.org/10.3233/faia251572,10.3233/FAIA251572,conf/jurix/Araszkiewicz25
open,JURIX,2025,intro|bounded-deontics,Validity Diagrams,Diogo Sasdelli; Bianca Steffes,https://doi.org/10.3233/faia251587,10.3233/FAIA251587,conf/jurix/SasdelliS25
open,JURIX,2020,bounded-deontics|intro|fm-in-law,A General Theory of Contract Conflicts with Environmental Constraints,Gordon J. Pace,https://ebooks.iospress.nl/pdf/doi/10.3233/FAIA200852,10.3233/FAIA200852,conf/jurix/Pace20
open,JURIX,2023,bounded-deontics,Arguing About Choosing a Normative System: Conflict of Laws,Kees van Berkel; Réka Markovich; Christian Straßer; Leendert van der Torre,https://ebooks.iospress.nl/pdf/doi/10.3233/FAIA230947,10.3233/FAIA230947,conf/jurix/0002MST23
open,JURIX,2014,bounded-deontics|intro,Contract Automata with Reparations,Shaun Azzopardi; Gordon J. Pace; Fernando Schapachnik,https://www.um.edu.mt/library/oar/bitstream/123456789/24153/1/jurix2014.pdf,10.3233/978-1-61499-468-8-49,conf/jurix/AzzopardiPS14
open,JURIX,2022,intro|cnl,An End-to-End Pipeline from Law Text to Logical Formulas,Aarne Ranta; Inari Listenmaa; Jerrold Soh; Meng Weng Wong,https://ebooks.iospress.nl/pdf/doi/10.3233/FAIA220473,10.3233/FAIA220473,conf/jurix/RantaLSW22
open,JURIX,2021,bounded-deontics,Computability of Diagrammatic Theories for Normative Positions,Matteo Pascucci; Giovanni Sileno,https://ebooks.iospress.nl/pdf/doi/10.3233/FAIA210333,10.3233/FAIA210333,conf/jurix/PascucciS21
open,JURIX,2020,intro|bounded-deontics,Digital Enforceable Contracts (DEC): Making Smart Contracts Smarter,Lu-Chi Liu; Giovanni Sileno; Tom M. van Engers,https://ebooks.iospress.nl/pdf/doi/10.3233/FAIA200872,10.3233/FAIA200872,conf/jurix/LiuSE20
open,JURIX,2015,determinacy-frontier,Comprehensive Framework Embracing the Complexity of Statutory Interpretation,Michal Araszkiewicz; Tomasz Zurek,http://ruj.uj.edu.pl/xmlui/handle/item/23449,10.3233/978-1-61499-609-5-145,conf/jurix/AraszkiewiczZ15
open,JURIX,2024,fm-in-law|bounded-deontics,On Conflicts and Satisfiability in Metric Timed Normative Logics,Karam Younes Kharraz; Gerardo Schneider; Martin Leucker,https://ebooks.iospress.nl/pdf/doi/10.3233/FAIA241260,10.3233/FAIA241260,conf/jurix/KharrazSL24
open,JURIX,2024,intro|fm-in-law,Draft Better Contracts,Cosimo Laneve; Alessandro Parenti; Giovanni Sartor,https://ebooks.iospress.nl/pdf/doi/10.3233/FAIA241237,10.3233/FAIA241237,conf/jurix/LanevePS24
open,JURIX,2025,bounded-deontics|intro,Contrary-to-Duty Rights: From Hohfeld to Agreement Revision,Huimin Dong; Leendert van der Torre; Liuwen Yu,https://doi.org/10.3233/faia251577,10.3233/FAIA251577,conf/jurix/DongTY25
open,JURIX,2017,bounded-deontics,Temporalised Belief Revision in the Law,Luciano H. Tamargo; Diego C. Martínez; Antonino Rotolo; Guido Governatori,https://doi.org/10.3233/978-1-61499-838-9-49,10.3233/978-1-61499-838-9-49,conf/jurix/TamargoMRG17
open,JURIX,2023,determinacy-frontier,Conceptual Structures in Statutory Interpretation,Michal Araszkiewicz,https://ebooks.iospress.nl/pdf/doi/10.3233/FAIA230952,10.3233/FAIA230952,conf/jurix/Araszkiewicz23
open,JURIX,2022,fm-in-law|bounded-deontics,Can a Military Autonomous Device Follow International Humanitarian Law?,Tomasz Zurek; Mostafa Mohajeriparizi; Jonathan Kwik; Tom M. van Engers,https://ebooks.iospress.nl/pdf/doi/10.3233/FAIA220479,10.3233/FAIA220479,conf/jurix/ZurekMKE22
open,JURIX,2024,bounded-deontics|fm-in-law,Conflict Analysis for Timed Contract Automata,Shaun Azzopardi; Gordon J. Pace,https://ebooks.iospress.nl/pdf/doi/10.3233/FAIA241251,10.3233/FAIA241251,conf/jurix/AzzopardiP24
open,JURIX,2023,intro,From Text to Structure: Using Large Language Models to Support the Development of Legal Expert Systems,Samyar Janatian; Hannes Westermann; Jinzhe Tan; Jaromír Savelka; Karim Benyekhlef,https://ebooks.iospress.nl/pdf/doi/10.3233/FAIA230962,10.3233/FAIA230962,conf/jurix/JanatianWTSB23
open,JURIX,2022,cnl|intro,The LegAi Editor: A Tool for the Construction of Legal Knowledge Bases,Tomer Libal,https://ebooks.iospress.nl/pdf/doi/10.3233/FAIA220482,10.3233/FAIA220482,conf/jurix/Libal22
open,JURIX,2023,intro,Answer Set Programming for Legal Decision Support and Explanation,Daniele Theseider Dupré,https://ebooks.iospress.nl/pdf/doi/10.3233/FAIA230994,10.3233/FAIA230994,conf/jurix/Dupre23
open,JURIX,2021,fm-in-law,Identification of Contradictions in Regulation,Michal Araszkiewicz; Enrico Francesconi; Tomasz Zurek,https://ebooks.iospress.nl/pdf/doi/10.3233/FAIA210331,10.3233/FAIA210331,conf/jurix/AraszkiewiczFZ21
open,JURIX,2016,intro|bounded-deontics|determinacy-frontier,Reasoning About Partial Contracts,Shaun Azzopardi; Albert Gatt; Gordon J. Pace,https://www.um.edu.mt/library/oar//handle/123456789/22368,10.3233/978-1-61499-726-9-23,conf/jurix/AzzopardiGP16
open,JURIX,2021,bounded-deontics,Cause of Action and the Right to Know. A Formal Conceptual Analysis of the Texas Senate Bill 25 Case,Réka Markovich; Olivier Roy,https://ebooks.iospress.nl/pdf/doi/10.3233/FAIA210340,10.3233/FAIA210340,conf/jurix/MarkovichR21
open,JURIX,2023,bounded-deontics,Assisted Normative Reasoning with Aristotelian Diagrams,Kathrin Hanauer; Tereza Novotná; Matteo Pascucci,https://ebooks.iospress.nl/pdf/doi/10.3233/FAIA230949,10.3233/FAIA230949,conf/jurix/HanauerNP23
open,JURIX,2024,determinacy-frontier,Case Frames and Case-Based Arguments in Statutory Interpretation,Michal Araszkiewicz,https://ebooks.iospress.nl/pdf/doi/10.3233/FAIA241229,10.3233/FAIA241229,conf/jurix/Araszkiewicz24
open,JURIX,2025,intro,A Systematic Approach to Assess Languages Proposed for Rules as Code,Sofia Ali; Giovanni Sileno; Tom M. van Engers,https://doi.org/10.3233/faia251595,10.3233/FAIA251595,conf/jurix/AliSE25
open,JURIX,2025,bounded-deontics|fm-in-law,Normative Risk Assessment in the AI Act,Beatrice Ferrigno; Marco Billi; Yasaman Yousefi; Antonino Rotolo,https://doi.org/10.3233/faia251619,10.3233/FAIA251619,conf/jurix/FerrignoBYR25
open,JURIX,2010,intro,Interagency data exchange protocols as computational data protection law,William J. Buchanan; Lu Fan; Alistair Lawson; Burkhard Schafer; Russel Scott; Christoph Thuemmler; Omair Uthmani,https://napier-surface.worktribe.com/207914/1/Jurix2010Schafer.pdf,10.3233/978-1-60750-682-9-143,conf/jurix/BuchananFLSSTU10
open,JURIX,2022,cnl,A Multi-Step Approach in Translating Natural Language into Logical Formula,Ha-Thanh Nguyen; Wachara Fungwacharakorn; Fumihito Nishino; Ken Satoh,https://ebooks.iospress.nl/pdf/doi/10.3233/FAIA220453,10.3233/FAIA220453,conf/jurix/NguyenFNS22
open,JURIX,2020,fm-in-law|intro,Reasoning About Applicable Law in Private International Law in Logic Programming,Ken Satoh; Matteo Baldoni; Laura Giordano,https://ebooks.iospress.nl/pdf/doi/10.3233/FAIA200884,10.3233/FAIA200884,conf/jurix/SatohB020
open,JURIX,2019,bounded-deontics,"Towards a Computational Theory of Action, Causation and Power for Normative Reasoning",Giovanni Sileno; Alexander Boer; Tom M. van Engers,http://hdl.handle.net/11245.1/45719d64-e5ac-4a7e-92fd-ebc73d7784fb,10.3233/FAIA190327,conf/jurix/SilenoBE19
open,JURIX,2018,fm-in-law,Checking the Validity of Rule-Based Arguments Grounded in Cases: A Computational Approach,Heng Zheng; Minghui Xiong; Bart Verheij,https://doi.org/10.3233/978-1-61499-935-5-220,10.3233/978-1-61499-935-5-220,conf/jurix/ZhengXV18
open,JURIX,2025,determinacy-frontier|fm-in-law,Explaining Discretionary Judicial Decisions Using Answer Set Programming,Josephine Dik,https://doi.org/10.3233/faia251576,10.3233/FAIA251576,conf/jurix/Dik25
open,JURIX,2013,fm-in-law|bounded-deontics,Legal Conflict Detection in Interacting Legal Systems,Tingting Li; Tina Balke; Marina De Vos; Julian A. Padget; Ken Satoh,http://opus.bath.ac.uk/42600/1/jurix_abstract.pdf,10.3233/978-1-61499-359-9-107,conf/jurix/LiBVPS13
open,JURIX,2023,intro,Tough Decisions? Supporting System Classification According to the AI Act,Hilmy Hanif; Jorge Constantino; Marie-Therese Sekwenz; Michel van Eeten; Jolien Ubacht; Ben Wagner; Yury Zhauniarovich,https://ebooks.iospress.nl/pdf/doi/10.3233/FAIA230987,10.3233/FAIA230987,conf/jurix/HanifCSEUWZ23
open,JURIX,2020,intro,Ontology-Based Liability Decision Support in the International Maritime Law,Mirna El Ghosh; Habib Abdulrab,https://ebooks.iospress.nl/pdf/doi/10.3233/FAIA200882,10.3233/FAIA200882,conf/jurix/GhoshA20
open,JURIX,2020,fm-in-law|determinacy-frontier,Generalizing Culprit Resolution in Legal Debugging with Background Knowledge,Wachara Fungwacharakorn; Ken Satoh,https://ebooks.iospress.nl/pdf/doi/10.3233/FAIA200849,10.3233/FAIA200849,conf/jurix/Fungwacharakorn20
open,JURIX,2023,intro|fm-in-law,Insurance Portfolio Analysis as Containment Testing,Preston Carlson; Michael R. Genesereth,https://ebooks.iospress.nl/pdf/doi/10.3233/FAIA230957,10.3233/FAIA230957,conf/jurix/CarlsonG23
open,JURIX,2023,intro,Executing United States Bills into Law: A Working Application in the United States House,Sela Mador-Haim; Ari Hershowitz,https://ebooks.iospress.nl/pdf/doi/10.3233/FAIA230969,10.3233/FAIA230969,conf/jurix/Mador-HaimH23
open,JURIX,2024,intro,Fighting the Knowledge Representation Bottleneck with Large Language Models,Marco Billi; Giuseppe Pisano; Marco Sanchi,https://ebooks.iospress.nl/pdf/doi/10.3233/FAIA241230,10.3233/FAIA241230,conf/jurix/BilliPS24
open,JURIX,2022,cnl|intro,An Interactive Natural Language Interface for PROLEG,Ha-Thanh Nguyen; Fumihito Nishino; Megumi Fujita; Ken Satoh,https://ebooks.iospress.nl/pdf/doi/10.3233/FAIA220484,10.3233/FAIA220484,conf/jurix/NguyenNFS22
open,JURIX,2017,fm-in-law|bounded-deontics|intro,Timed Contract Compliance Under Event Timing Uncertainty,María-Emilia Cambronero; Luis Llana; Gordon J. Pace,https://doi.org/10.3233/978-1-61499-838-9-33,10.3233/978-1-61499-838-9-33,conf/jurix/CambroneroLP17
open,JURIX,2024,intro,DIREGA - Building Decision Support for German Register Law,Axel Adrian; Osman Anil Basaran; Nathan Dykes; Stephanie Evert; Michael Gritz; Merlin Humml; Michael Kohlhase; Johannes Lindner; Andreas Maier; Stephan Prettner; Max Rapp; Lutz Schröder; Verena Stürmer,https://ebooks.iospress.nl/pdf/doi/10.3233/FAIA241269,10.3233/FAIA241269,conf/jurix/AdrianBDEGHKLMP24
open,JURIX,2024,intro,Decision Support in Law: From Formalizing Rules to Reasoning with Justification,Jeremy Bouche-Pillon; Nathalie Aussenac-Gilles; Yannick Chevalier; Pascale Zaraté,https://ebooks.iospress.nl/pdf/doi/10.3233/FAIA241231,10.3233/FAIA241231,conf/jurix/Bouche-PillonAC24
open,JURIX,2024,intro,Getting in the Door: Streamlining Intake in Civil Legal Services with Large Language Models,Quinten Steenhuis; Hannes Westermann,https://doi.org/10.3233/faia241242,10.3233/FAIA241242,conf/jurix/SteenhuisW24
open,JURIX,2023,intro,"LawGiBa - Combining GPT, Knowledge Bases, and Logic Programming in a Legal Assistance System",Ha Thanh Nguyen; Randy Goebel; Francesca Toni; Kostas Stathis; Ken Satoh,https://ebooks.iospress.nl/pdf/doi/10.3233/FAIA230991,10.3233/FAIA230991,conf/jurix/NguyenGTSS23
open,JURIX,2012,fm-in-law,Refined Coherence as Constraint Satisfaction Framework for Representing Judicial Reasoning,Michal Araszkiewicz; Jaromír Savelka,http://ruj.uj.edu.pl/xmlui/handle/item/25044,10.3233/978-1-61499-167-0-1,conf/jurix/AraszkiewiczS12
open,JURIX,2015,intro|bounded-deontics,"Bridging Representations of Laws, of Implementations and of Behaviours",Giovanni Sileno; Alexander Boer; Tom M. van Engers,https://dare.uva.nl/personal/pure/en/publications/bridging-representations-of-laws-of-implementations-and-of-behaviours(7485e39d-7136-4aec-8612-459c95a43578).html,10.3233/978-1-61499-609-5-169,conf/jurix/SilenoBE15
open,JURIX,2022,intro,Consumer Dispute Resolution System Based on PROLEG,Shidaka Nishioka; Yuto Mori; Ken Satoh,https://ebooks.iospress.nl/pdf/doi/10.3233/FAIA220485,10.3233/FAIA220485,conf/jurix/NishiokaMS22
open,JURIX,2023,intro|cnl,Human-Centred Explanation of Rule-Based Decision-Making Systems in the Legal Domain: Demonstration,Suzan Zuurmond; AnneMarie Borg; Matthijs van Kempen; Remi Wieten,https://ebooks.iospress.nl/pdf/doi/10.3233/FAIA230992,10.3233/FAIA230992,conf/jurix/ZuurmondBKW23
open,JURIX,2024,intro,A Legal Assistant for Accountable Decision-Making,Adam Kaczmarczyk; Tomer Libal; Aleksander Smywinski-Pohl,https://ebooks.iospress.nl/pdf/doi/10.3233/FAIA241275,10.3233/FAIA241275,conf/jurix/KaczmarczykLS24
open,JURIX,2025,bounded-deontics|intro,A Tool for Handling Unexpected Exceptions in Legal Reasoning,Thomas Ecobichon; Mathieu Carpentier; Sylvie Doutre; Jean-Guy Mailly,https://doi.org/10.3233/faia251618,10.3233/FAIA251618,conf/jurix/EcobichonCDM25
open,JURIX,2025,intro,"Automated Identification of Criminal Offences from Case Descriptions Using Ontologies, Rules and LLMs",Jelena Matkovic; Marko Markovic; Stevan Gostojic,https://doi.org/10.3233/faia251626,10.3233/FAIA251626,conf/jurix/MatkovicMG25
springer-paywall,DEON,2012,bounded-deontics,Possible World Semantics for Defeasible Deontic Logic,Guido Governatori; Antonino Rotolo; Erica Calardo,https://doi.org/10.1007/978-3-642-31570-1_4,10.1007/978-3-642-31570-1_4,conf/deon/GovernatoriRC12
springer-paywall,DEON,2014,bounded-deontics|fm-in-law,Detecting Deontic Conflicts in Dynamic Settings,Silvano Colombo Tosatto; Guido Governatori; Pierre Kelsen,https://doi.org/10.1007/978-3-319-08615-6_6,10.1007/978-3-319-08615-6_6,conf/deon/TosattoGK14
springer-paywall,DEON,2014,bounded-deontics,A Preference-Based Semantics for CTD Reasoning,Erica Calardo; Guido Governatori; Antonino Rotolo,https://doi.org/10.1007/978-3-319-08615-6_5,10.1007/978-3-319-08615-6_5,conf/deon/CalardoGR14
springer-paywall,DEON,2010,bounded-deontics,Retroactive Legal Changes and Revision Theory in Defeasible Logic,Antonino Rotolo,https://doi.org/10.1007/978-3-642-14183-6_10,10.1007/978-3-642-14183-6_10,conf/deon/Rotolo10
springer-paywall,DEON,2006,bounded-deontics,"Sequences, Obligations, and the Contrary-to-Duty Paradox",Adam Zachary Wyner,https://doi.org/10.1007/11786849_21,10.1007/11786849_21,conf/deon/Wyner06
springer-paywall,DEON,2004,bounded-deontics,Maintaining Obligations on Stative Expressions in a Deontic Action Logic,Adam Zachary Wyner,https://doi.org/10.1007/978-3-540-25927-5_17,10.1007/978-3-540-25927-5_17,conf/deon/Wyner04
springer-paywall,DEON,2010,bounded-deontics,"Relevance, Derogation and Permission",Audun Stolpe,https://doi.org/10.1007/978-3-642-14183-6_9,10.1007/978-3-642-14183-6_9,conf/deon/Stolpe10
springer-paywall,DEON,2010,bounded-deontics,Deontics = Betterness + Priority,Johan van Benthem; Davide Grossi; Fenrong Liu,https://doi.org/10.1007/978-3-642-14183-6_6,10.1007/978-3-642-14183-6_6,conf/deon/BenthemGL10
springer-paywall,DEON,1996,bounded-deontics,Getting Personal: Some Notes on the Relationship Between Personal and Impersonal Obligation,Christen Krogh; Henning Herrestad,https://doi.org/10.1007/978-1-4471-1488-8_8,10.1007/978-1-4471-1488-8_8,conf/deon/KroghH96
springer-paywall,DEON,2014,bounded-deontics|fm-in-law,Sequent-Based Argumentation for Normative Reasoning,Christian Straßer; Ofer Arieli,https://doi.org/10.1007/978-3-319-08615-6_17,10.1007/978-3-319-08615-6_17,conf/deon/StrasserA14
springer-paywall,DEON,2008,bounded-deontics|fm-in-law,A Tableaux System for Deontic Action Logic,Pablo F. Castro; T. S. E. Maibaum,https://doi.org/10.1007/978-3-540-70525-3_4,10.1007/978-3-540-70525-3_4,conf/deon/CastroM08
springer-paywall,DEON,2004,fm-in-law,Social Laws in Alternating Time,Michael J. Wooldridge,https://doi.org/10.1007/978-3-540-25927-5_2,10.1007/978-3-540-25927-5_2,conf/deon/Wooldridge04
springer-paywall,DEON,2012,bounded-deontics,An Embedding of Input-Output Logic in Deontic Logic Programs,Ricardo Gonçalves; José Júlio Alferes,https://doi.org/10.1007/978-3-642-31570-1_5,10.1007/978-3-642-31570-1_5,conf/deon/GoncalvesA12
springer-paywall,DEON,2004,bounded-deontics,A Proposal for Dealing with Deontic Dilemmas,Lou Goble,https://doi.org/10.1007/978-3-540-25927-5_7,10.1007/978-3-540-25927-5_7,conf/deon/Goble04
springer-paywall,DEON,2004,bounded-deontics,Delegation in a Role-Based Organization,Olga Pacheco; Filipe Santos,https://doi.org/10.1007/978-3-540-25927-5_14,10.1007/978-3-540-25927-5_14,conf/deon/PachecoS04
springer-paywall,DEON,2014,bounded-deontics,For a Dynamic Semantics of Necessity Deontic Modals,Alessandra Marra,https://doi.org/10.1007/978-3-319-08615-6_10,10.1007/978-3-319-08615-6_10,conf/deon/Marra14
springer-paywall,DEON,2006,bounded-deontics,Conflicting Obligations in Multi-agent Deontic Logic,Barteld P. Kooi; Allard M. Tamminga,https://doi.org/10.1007/11786849_15,10.1007/11786849_15,conf/deon/KooiT06
springer-paywall,DEON,2012,bounded-deontics,The Logic of Obligation as Weakest Permission - (Short Version),Olivier Roy; Albert J. J. Anglberger; Norbert Gratzl,https://doi.org/10.1007/978-3-642-31570-1_10,10.1007/978-3-642-31570-1_10,conf/deon/RoyAG12
springer-paywall,DEON,2004,bounded-deontics,Conflicting Imperatives and Dyadic Deontic Logic,Jörg Hansen,https://doi.org/10.1007/978-3-540-25927-5_10,10.1007/978-3-540-25927-5_10,conf/deon/Hansen04
springer-paywall,DEON,2006,bounded-deontics,Permissions and Uncontrollable Propositions in DSDL3: Non-monotonicity and Algorithms,Souhila Kaci; Leendert W. N. van der Torre,https://doi.org/10.1007/11786849_14,10.1007/11786849_14,conf/deon/KaciT06
springer-paywall,DEON,2010,bounded-deontics|fm-in-law,Axioms for Obligation and Robustness with Temporal Logic,Tim French; John Christopher McCabe-Dansted; Mark Reynolds,https://doi.org/10.1007/978-3-642-14183-6_7,10.1007/978-3-642-14183-6_7,conf/deon/FrenchMR10
springer-paywall,DEON,2008,fm-in-law|intro,Reasoning about Conditions and Exceptions to Laws in Regulatory Conformance Checking,Nikhil Dinesh; Aravind K. Joshi; Insup Lee; Oleg Sokolsky,https://doi.org/10.1007/978-3-540-70525-3_10,10.1007/978-3-540-70525-3_10,conf/deon/DineshJLS08
springer-paywall,DEON,2012,bounded-deontics,Discussion Paper: Changing Norms Is Changing Obligation Change,Jan M. Broersen; Dov M. Gabbay; Leendert W. N. van der Torre,https://doi.org/10.1007/978-3-642-31570-1_14,10.1007/978-3-642-31570-1_14,conf/deon/BroersenGT12
springer-paywall,DEON,2006,bounded-deontics,The Deontic Component of Action Language nC+,Marek J. Sergot; Robert Craven,https://doi.org/10.1007/11786849_19,10.1007/11786849_19,conf/deon/SergotC06
springer-paywall,DEON,1996,bounded-deontics,How to Combine Ordering and Minimizing in a Deontic Logic Based on Preferences,Yao-Hua Tan; Leendert W. N. van der Torre,https://doi.org/10.1007/978-1-4471-1488-8_12,10.1007/978-1-4471-1488-8_12,conf/deon/TanT96
springer-paywall,DEON,2004,bounded-deontics,Obligation Change in Dependence Logic and Situation Calculus,Robert Demolombe; Andreas Herzig,https://doi.org/10.1007/978-3-540-25927-5_6,10.1007/978-3-540-25927-5_6,conf/deon/DemolombeH04
springer-paywall,DEON,2010,bounded-deontics,Towards Metalogical Systematisation of Deontic Action Logics Based on Boolean Algebra,Robert Trypuz; Piotr Kulicki,https://doi.org/10.1007/978-3-642-14183-6_11,10.1007/978-3-642-14183-6_11,conf/deon/TrypuzK10
springer-paywall,DEON,1996,bounded-deontics,From the Fundamental Legal Conceptions of Hohfeld to Legal Relations: Refining the Enrichment of Solely Deontic Legal Relations,Layman E. Allen,https://doi.org/10.1007/978-1-4471-1488-8_1,10.1007/978-1-4471-1488-8_1,conf/deon/Allen96
springer-paywall,DEON,2006,bounded-deontics|fm-in-law,A Complete and Decidable Axiomatisation for Deontic Interpreted Systems,Alessio Lomuscio; Bozena Wozna,https://doi.org/10.1007/11786849_20,10.1007/11786849_20,conf/deon/LomuscioW06
springer-paywall,DEON,2008,bounded-deontics,A Logical Analysis of the Interaction between &apos;Obligation-to-do&apos; and &apos;Knowingly Doing&apos;,Jan M. Broersen,https://doi.org/10.1007/978-3-540-70525-3_12,10.1007/978-3-540-70525-3_12,conf/deon/Broersen08
springer-paywall,DEON,2014,bounded-deontics,Combining Constitutive and Regulative Norms in Input/Output Logic,Xin Sun; Leendert W. N. van der Torre,https://doi.org/10.1007/978-3-319-08615-6_18,10.1007/978-3-319-08615-6_18,conf/deon/SunT14
springer-paywall,DEON,2006,bounded-deontics,A State/Event Temporal Deontic Logic,Julien Brunel; Jean-Paul Bodeveix; Mamoun Filali,https://doi.org/10.1007/11786849_9,10.1007/11786849_9,conf/deon/BrunelBF06
springer-paywall,DEON,2004,fm-in-law|bounded-deontics,Automatic Verification of Deontic Properties of Multi-agent Systems,Franco Raimondi; Alessio Lomuscio,https://doi.org/10.1007/978-3-540-25927-5_15,10.1007/978-3-540-25927-5_15,conf/deon/RaimondiL04
springer-paywall,DEON,2006,bounded-deontics,Intermediate Concepts in Normative Systems,Lars Lindahl; Jan Odelstad,https://doi.org/10.1007/11786849_16,10.1007/11786849_16,conf/deon/LindahlO06
springer-paywall,DEON,1996,bounded-deontics,Defeasible Reasoning with Legal Rules,Lambèr M. M. Royakkers; Frank Dignum,https://doi.org/10.1007/978-1-4471-1488-8_10,10.1007/978-1-4471-1488-8_10,conf/deon/RoyakkersD96
springer-paywall,DEON,2012,bounded-deontics,Sanction Semantics and Contrary-to-Duty Obligations,Louwe B. Kuijer,https://doi.org/10.1007/978-3-642-31570-1_6,10.1007/978-3-642-31570-1_6,conf/deon/Kuijer12
springer-paywall,DEON,2012,bounded-deontics,A Deontic Action Logic with Sequential Composition of Actions,Piotr Kulicki; Robert Trypuz,https://doi.org/10.1007/978-3-642-31570-1_13,10.1007/978-3-642-31570-1_13,conf/deon/KulickiT12
springer-paywall,DEON,2004,bounded-deontics,On Normative-Informational Positions,Andrew J. I. Jones,https://doi.org/10.1007/978-3-540-25927-5_12,10.1007/978-3-540-25927-5_12,conf/deon/Jones04
springer-paywall,DEON,2012,bounded-deontics,An Andersonian Deontic Logic with Contextualized Sanctions,Christian Straßer; Mathieu Beirlaen,https://doi.org/10.1007/978-3-642-31570-1_11,10.1007/978-3-642-31570-1_11,conf/deon/StrasserB12
springer-paywall,DEON,2006,bounded-deontics,Acting with an End in Sight,Mark A. Brown,https://doi.org/10.1007/11786849_8,10.1007/11786849_8,conf/deon/Brown06
springer-paywall,DEON,1996,bounded-deontics,Doing as We Ought: Towards a Logic of Simply Dischargeable Obligations,Mark A. Brown,https://doi.org/10.1007/978-1-4471-1488-8_3,10.1007/978-1-4471-1488-8_3,conf/deon/Brown96
springer-paywall,DEON,2004,bounded-deontics|fm-in-law,On Obligations and Abilities,Wojciech Jamroga; Wiebe van der Hoek; Michael J. Wooldridge,https://doi.org/10.1007/978-3-540-25927-5_11,10.1007/978-3-540-25927-5_11,conf/deon/JamrogaHW04
springer-paywall,DEON,1996,bounded-deontics,Combining Agency and Obligation (Preliminary Version),John F. Horty,https://doi.org/10.1007/978-1-4471-1488-8_6,10.1007/978-1-4471-1488-8_6,conf/deon/Horty96
springer-paywall,DEON,2004,bounded-deontics,Combinations of Tense and Deontic Modality,Lennart Åqvist,https://doi.org/10.1007/978-3-540-25927-5_3,10.1007/978-3-540-25927-5_3,conf/deon/Aqvist04
springer-paywall,DEON,2008,bounded-deontics,Strata of Intervenient Concepts in Normative Systems,Lars Lindahl; Jan Odelstad,https://doi.org/10.1007/978-3-540-70525-3_16,10.1007/978-3-540-70525-3_16,conf/deon/LindahlO08
springer-paywall,DEON,2014,bounded-deontics,Deontic Diversity,Sven Ove Hansson,https://doi.org/10.1007/978-3-319-08615-6_2,10.1007/978-3-319-08615-6_2,conf/deon/Hansson14
springer-paywall,DEON,2014,bounded-deontics,A Deontic Logic of Actions and States,Robert Trypuz; Piotr Kulicki,https://doi.org/10.1007/978-3-319-08615-6_19,10.1007/978-3-319-08615-6_19,conf/deon/TrypuzK14
springer-paywall,DEON,2004,bounded-deontics,"Obligation, Contracts, and Negotiation",Mark A. Brown,https://doi.org/10.1007/978-3-540-25927-5_1,10.1007/978-3-540-25927-5_1,conf/deon/Brown04
springer-paywall,DEON,2006,bounded-deontics,"Roles, Counts-as and Deontic and Action Logics",José Carmo,https://doi.org/10.1007/11786849_1,10.1007/11786849_1,conf/deon/Carmo06
springer-paywall,DEON,2006,bounded-deontics,Don&apos;t Ever Do That! Long-Term Duties in PDeL,Jesse Hughes; Lambèr M. M. Royakkers,https://doi.org/10.1007/11786849_12,10.1007/11786849_12,conf/deon/HughesR06
springer-paywall,DEON,2014,bounded-deontics,Open Reading without Free Choice,Albert J. J. Anglberger; Huimin Dong; Olivier Roy,https://doi.org/10.1007/978-3-319-08615-6_3,10.1007/978-3-319-08615-6_3,conf/deon/AnglbergerDR14
springer-paywall,DEON,2008,bounded-deontics,"Acting, Events and Actions",Mark A. Brown,https://doi.org/10.1007/978-3-540-70525-3_3,10.1007/978-3-540-70525-3_3,conf/deon/Brown08
springer-paywall,DEON,2008,bounded-deontics,Pushing Anderson&apos;s Envelope: The Modal Logic of Ascription,Davide Grossi,https://doi.org/10.1007/978-3-540-70525-3_20,10.1007/978-3-540-70525-3_20,conf/deon/Grossi08
springer-paywall,DEON,2012,bounded-deontics,Agreements as Norms,Paolo Turrini,https://doi.org/10.1007/978-3-642-31570-1_3,10.1007/978-3-642-31570-1_3,conf/deon/Turrini12
springer-paywall,DEON,2008,bounded-deontics,Norms in Branching Space-Times,Nuel Belnap,https://doi.org/10.1007/978-3-540-70525-3_1,10.1007/978-3-540-70525-3_1,conf/deon/Belnap08
