venue,year,facets,relation,confidence,prerank_rank,cited_by_count,oa_url,title,authors,why,key
DEON,2004,bounded-deontics,prior-art,high,252,104,https://dspace.library.uu.nl/handle/1874/11502,Designing a Deontic Logic of Deadlines,Jan M. Broersen; Frank Dignum; Virginia Dignum; John-Jules Ch. Meyer,Dyadic deadline-obligation operator formalized in CTL branching-time models; directly relevant to deadlines.,conf/deon/BroersenDDM04
DEON,2004,bounded-deontics,prior-art,high,66,82,http://espace.library.uq.edu.au/view/UQ:9638/deon04.pdf,"Defeasible Logic: Agency, Intention and Obligation",Guido Governatori; Antonino Rotolo,"Computationally-oriented defeasible multi-modal logic combining agency, intention, obligation.",conf/deon/GovernatoriR04
DEON,1996,bounded-deontics,prior-art,med,502,56,https://ris.utwente.nl/ws/files/6139830/dignum96modal.pdf,"A Modal Approach to Intentions, Commitments and Obligations: Intention plus Commitment Yields Obligation",Frank Dignum; John-Jules Ch. Meyer; Roel J. Wieringa; Ruurd Kuiper,Modal framework deriving obligation from intention plus commitment; agent-theoretic normative reasoning.,conf/deon/DignumMWK96
DEON,1996,bounded-deontics,prior-art,med,792,47,https://philpapers.org/archive/MCNMID.pdf,Must I Do What I Ought? (Or Will the Least I Can Do Do?),Paul McNamara,Foundational distinction between 'must' and 'ought'; challenges standard deontic-logic presuppositions.,conf/deon/McNamara96
DEON,2004,bounded-deontics,prior-art,high,481,44,,A Proposal for Dealing with Deontic Dilemmas,Lou Goble,Modifies standard deontic logic to accommodate deontic dilemmas without explosion or inconsistency.,conf/deon/Goble04
DEON,2006,bounded-deontics,prior-art,high,622,43,,The Deontic Component of Action Language nC+,Marek J. Sergot; Robert Craven,Sergot's deontic component of action language C+ specifying permitted states/transitions.,conf/deon/SergotC06
DEON,1996,bounded-deontics,prior-art,med,368,41,,Getting Personal: Some Notes on the Relationship Between Personal and Impersonal Obligation,Christen Krogh; Henning Herrestad,"Analyzes personal vs impersonal deontic notions, refining standard deontic logic's normative positions.",conf/deon/KroghH96
DEON,2006,bounded-deontics,prior-art,high,550,36,https://dspace.library.uu.nl/handle/1874/19680,Counts-as: Classification or Constitution? An Answer Using Modal Logic,Davide Grossi; John-Jules Ch. Meyer; Frank Dignum,Modal-logic analysis distinguishing classificatory vs constitutive readings of counts-as; core institutional-fact theory.,conf/deon/GrossiMD06
DEON,2008,bounded-deontics,prior-art,med,683,36,,A Logical Analysis of the Interaction between &apos;Obligation-to-do&apos; and &apos;Knowingly Doing&apos;,Jan M. Broersen,STIT-based logic of interaction between obligation-to-do and knowingly-doing.,conf/deon/Broersen08
DEON,2008,fm-in-law|intro,prior-art,high,566,35,,Reasoning about Conditions and Exceptions to Laws in Regulatory Conformance Checking,Nikhil Dinesh; Aravind K. Joshi; Insup Lee; Oleg Sokolsky,Trace-checking framework for regulatory conformance handling conditions and exceptions to laws.,conf/deon/DineshJLS08
DEON,1996,bounded-deontics,prior-art,med,643,32,,How to Combine Ordering and Minimizing in a Deontic Logic Based on Preferences,Yao-Hua Tan; Leendert W. N. van der Torre,Dyadic deontic logic with preference ordering over worlds; technique underlying CTD-style reasoning.,conf/deon/TanT96
DEON,2008,bounded-deontics,prior-art,high,396,31,http://orbilu.uni.lu/handle/10993/15889,Reactive Kripke Models and Contrary to Duty Obligations,Dov M. Gabbay,"Reactive Kripke models for contrary-to-duty obligations (Carmo/Jones, van der Torre, Prakken/Sergot examples)",conf/deon/Gabbay08
DEON,2008,bounded-deontics,prior-art,high,69,29,http://espace.library.uq.edu.au/view/UQ:134084/part1.pdf,Changing Legal Systems: Abrogation and Annulment Part I: Revision of Defeasible Theories,Guido Governatori; Antonino Rotolo,Governatori/Rotolo model legal abrogation/annulment via defeasible-theory revision; legal-change formalization.,conf/deon/GovernatoriR08
DEON,2004,bounded-deontics,prior-art,med,646,29,https://dspace.library.uu.nl/bitstream/handle/1874/19701/dignum_04_collective.pdf?sequence=1&isAllowed=y,Collective Obligations and Agents: Who Gets the Blame?,Davide Grossi; Frank Dignum; Lambèr M. M. Royakkers; John-Jules Ch. Meyer,Formal analysis of collective obligations and individual blame/responsibility assignment within groups.,conf/deon/GrossiDRM04
DEON,2006,bounded-deontics,prior-art,med,484,26,http://link.springer.com/chapter/10.1007/11786849_5,A Logical Architecture of a Normative System,Guido Boella; Leendert W. N. van der Torre,"Logical architecture combining counts-as, institutional constraints, obligations and permissions.",conf/deon/BoellaT06
DEON,2010,bounded-deontics,contrasts,high,703,22,https://biblio.ugent.be/publication/1854791,Avoiding Deontic Explosion by Contextually Restricting Aggregation,Joke Meheus; Mathieu Beirlaen; Frederik Van De Putte,Adaptive logic restricting aggregation to avoid deontic explosion from conflicting obligations; directly on obligation conflicts.,conf/deon/MeheusBP10
DEON,2012,bounded-deontics,prior-art,high,40,21,,Possible World Semantics for Defeasible Deontic Logic,Guido Governatori; Antonino Rotolo; Erica Calardo,"Possible-world semantics for Defeasible Deontic Logic; Governatori school, directly aligns with defeasible-deontics approach.",conf/deon/GovernatoriRC12
DEON,2006,bounded-deontics,prior-art,high,708,20,,A State/Event Temporal Deontic Logic,Julien Brunel; Jean-Paul Bodeveix; Mamoun Filali,State/event temporal deontic logic with explicit deadline-obligation operator; contract-deadline relevant.,conf/deon/BrunelBF06
DEON,2006,bounded-deontics|fm-in-law,prior-art,high,418,19,https://dspace.library.uu.nl/handle/1874/19972,"Strategic Deontic Temporal Logic as a Reduction to ATL, with an Application to Chisholm&apos;s Scenario",Jan M. Broersen,Strategic deontic temporal logic reduced to ATL; directly resolves Chisholm's contrary-to-duty paradox.,conf/deon/Broersen06
DEON,2014,bounded-deontics,prior-art,high,636,18,http://orbilu.uni.lu/handle/10993/24914,&quot;Sing and Dance!&quot; - Input/Output Logics without Weakening,Xavier Parent; Leendert W. N. van der Torre,Extends input/output logic (conditional-norm framework) to systems without weakening; core computational normative logic.,conf/deon/ParentT14
DEON,2004,fm-in-law|bounded-deontics,prior-art,high,713,18,,Automatic Verification of Deontic Properties of Multi-agent Systems,Franco Raimondi; Alessio Lomuscio,OBDD-based model-checking algorithm verifying deontic/epistemic properties of multiagent systems.,conf/deon/RaimondiL04
DEON,2010,bounded-deontics,prior-art,high,366,17,,Deontics = Betterness + Priority,Johan van Benthem; Davide Grossi; Fenrong Liu,Foundational reformulation: deontic logic as betterness ordering + priority/law; core obligation semantics.,conf/deon/BenthemGL10
DEON,2004,fm-in-law,prior-art,med,460,17,,Social Laws in Alternating Time,Michael J. Wooldridge,Frames social-law effectiveness/synthesis as ATL model-checking problems; precedent for verification-as-bug-finding.,conf/deon/Wooldridge04
DEON,2010,bounded-deontics,prior-art,high,667,17,,Towards Metalogical Systematisation of Deontic Action Logics Based on Boolean Algebra,Robert Trypuz; Piotr Kulicki,Metalogical systematization of deontic action logics on Boolean algebra; action-indexed obligation framework.,conf/deon/TrypuzK10
DEON,1996,bounded-deontics,prior-art,med,844,16,,Doing as We Ought: Towards a Logic of Simply Dischargeable Obligations,Mark A. Brown,"Diachronic deontic logic with branching time, modeling discharge of obligations over time.",conf/deon/Brown96
DEON,2008,bounded-deontics|fm-in-law,prior-art,med,458,15,,A Tableaux System for Deontic Action Logic,Pablo F. Castro; T. S. E. Maibaum,Sound/complete tableaux proof system for deontic action logic used in fault-tolerance reasoning.,conf/deon/CastroM08
DEON,2012,bounded-deontics,contrasts,high,552,15,,The Logic of Obligation as Weakest Permission - (Short Version),Olivier Roy; Albert J. J. Anglberger; Norbert Gratzl,Obligation reinterpreted as weakest permission; alternative foundational deontic semantics with game-theoretic application.,conf/deon/RoyAG12
DEON,2014,bounded-deontics,prior-art,high,693,15,,Combining Constitutive and Regulative Norms in Input/Output Logic,Xin Sun; Leendert W. N. van der Torre,Combines constitutive (counts-as) and regulative norms in input/output logic with full axiomatizations; core normative-systems framework.,conf/deon/SunT14
DEON,2004,fm-in-law|bounded-deontics,prior-art,med,936,15,https://dspace.library.uu.nl/handle/1874/19965,Specifying Multiagent Organizations,Leendert W. N. van der Torre; Joris Hulstijn; Mehdi Dastani; Jan M. Broersen,KBDIOCTL logic for specifying/verifying obligations and permissions in normative multiagent organizations.,conf/deon/TorreHDB04
DEON,2008,bounded-deontics,prior-art,med,346,14,http://www.iiia.csic.es/files/pdfs/1659.pdf,Introducing Grades in Deontic Logics,Pilar Dellunde; Lluís Godo,Introduces graded/fuzzy modalities into standard deontic logic; deontic-as-lattice extension.,conf/deon/DellundeG08
DEON,2006,bounded-deontics,prior-art,med,621,14,http://link.springer.com/chapter/10.1007/11786849_6,Delegation of Power in Normative Multiagent Systems,Guido Boella; Leendert W. N. van der Torre,Reconsiders counts-as relations and delegated institutional-fact recognition in normative multiagent systems.,conf/deon/BoellaT06a
DEON,2004,bounded-deontics|fm-in-law,prior-art,med,849,14,,On Obligations and Abilities,Wojciech Jamroga; Wiebe van der Hoek; Michael J. Wooldridge,Combines deontic logic with Alternating-time Temporal Logic to reason about obligations and agent abilities.,conf/deon/JamrogaHW04
DEON,1996,bounded-deontics,prior-art,high,215,13,https://espace.library.uq.edu.au/view/UQ:9610/DEON96.pdf,Towards a Computational Treatment of Deontic Defeasibility,Alberto Artosi; Guido Governatori; Giovanni Sartor,Computational multi-modal logic combining nonmonotonic epistemic logic with Jones-style deontic logic for defeasibility.,conf/deon/ArtosiGS96
DEON,2012,bounded-deontics,method-to-borrow,high,461,13,,An Embedding of Input-Output Logic in Deontic Logic Programs,Ricardo Gonçalves; José Júlio Alferes,Embeds input-output logic (conditional norms) in answer-set deontic logic programs; computational norm implementation.,conf/deon/GoncalvesA12
DEON,2004,bounded-deontics,prior-art,med,504,12,,Delegation in a Role-Based Organization,Olga Pacheco; Filipe Santos,Deontic/action modal logic for role-based delegation in organizations; institutional-role normative structure.,conf/deon/PachecoS04
DEON,2010,bounded-deontics,prior-art,high,666,12,http://link.springer.com/chapter/10.1007/978-3-642-14183-6_4,Deontic Redundancy: A Fundamental Challenge for Deontic Logic,Leendert W. N. van der Torre,"Foundational treatment of deontic redundancy across permissions, dilemmas, temporal and contrary-to-duty reasoning.",conf/deon/Torre10
DEON,2006,bounded-deontics,prior-art,high,741,12,,Intermediate Concepts in Normative Systems,Lars Lindahl; Jan Odelstad,Lindahl-Odelstad 'joining system' linking legal grounds to consequences (e.g. ownership); core legal-concept theory.,conf/deon/LindahlO06
DEON,1996,bounded-deontics,prior-art,high,859,12,,Combining Agency and Obligation (Preliminary Version),John F. Horty,New ought-to-do operator atop Belnap/Perloff stit theory; foundational agency-obligation combination.,conf/deon/Horty96
DEON,2010,bounded-deontics,prior-art,high,314,11,,"Relevance, Derogation and Permission",Audun Stolpe,"Positive-permission theory via derogation; resolves triviality result, technical contribution to permission logic.",conf/deon/Stolpe10
DEON,2014,bounded-deontics|fm-in-law,method-to-borrow,high,407,11,,Sequent-Based Argumentation for Normative Reasoning,Christian Straßer; Ofer Arieli,"Sequent-based argumentation modeling deontic conflicts, contrary-to-duty and specificity via SDL; computational conflict handling.",conf/deon/StrasserA14
DEON,2010,bounded-deontics,supports,high,133,10,,Retroactive Legal Changes and Revision Theory in Defeasible Logic,Antonino Rotolo,Defeasible logic modeling retroactive legal change (annulment/abrogation/derogation); computational legal-dynamics reasoning.,conf/deon/Rotolo10
DEON,2006,bounded-deontics,prior-art,med,538,10,,Conflicting Obligations in Multi-agent Deontic Logic,Barteld P. Kooi; Allard M. Tamminga,Extends Horty's multiagent deontic logic with utilities for group-obligation reasoning under conflict.,conf/deon/KooiT06
DEON,2006,bounded-deontics|fm-in-law,prior-art,med,675,10,,A Complete and Decidable Axiomatisation for Deontic Interpreted Systems,Alessio Lomuscio; Bozena Wozna,Complete decidable axiomatization for deontic interpreted systems combining CTL with obligation/knowledge modalities.,conf/deon/LomuscioW06
DEON,2010,bounded-deontics,contrasts,high,867,10,https://philpapers.org/archive/EVAIEL.pdf,Introducing Exclusion Logic as a Deontic Logic,Richard Evans,New Exclusion Logic proposed as deontic logic with efficient decision procedure; alternative computational deontic system.,conf/deon/Evans10
DEON,2014,bounded-deontics,prior-art,high,1196,10,https://philpapers.org/archive/SAICPA-2.pdf,Chisholm&apos;s Paradox and Conditional Oughts,Catharine Saint Croix; Richmond H. Thomason,Linguistically motivated solution to Chisholm's paradox and conditional oughts; classic CTD problem.,conf/deon/CroixT14
DEON,2014,bounded-deontics,prior-art,high,1200,9,,Open Reading without Free Choice,Albert J. J. Anglberger; Huimin Dong; Olivier Roy,Proves open-reading permission implies Free Choice Permission; core technical result on permission paradoxes.,conf/deon/AnglbergerDR14
DEON,2012,bounded-deontics,prior-art,high,433,8,https://orbilu.uni.lu/handle/10993/26116,Temporal Deontic Logic for the Generalised Chisholm Set of Contrary to Duty Obligations,Dov M. Gabbay,Temporal deontic logic (TSDL) resolving generalised Chisholm contrary-to-duty set paradoxes; core CTD contribution.,conf/deon/Gabbay12
DEON,1996,bounded-deontics,prior-art,high,757,8,,Defeasible Reasoning with Legal Rules,Lambèr M. M. Royakkers; Frank Dignum,Defeasible deontic reasoning with priority hierarchy resolving conflicts directly in legal rules.,conf/deon/RoyakkersD96
DEON,2012,bounded-deontics,prior-art,high,760,8,,A Deontic Action Logic with Sequential Composition of Actions,Piotr Kulicki; Robert Trypuz,Deontic action logic with sequential composition of actions; action-structured obligation formalism.,conf/deon/KulickiT12
DEON,2004,bounded-deontics,prior-art,med,660,7,,Obligation Change in Dependence Logic and Situation Calculus,Robert Demolombe; Andreas Herzig,"Frame problem for obligation change after actions, via dependence logic and situation calculus.",conf/deon/DemolombeH04
DEON,1996,bounded-deontics,prior-art,high,671,7,,From the Fundamental Legal Conceptions of Hohfeld to Legal Relations: Refining the Enrichment of Solely Deontic Legal Relations,Layman E. Allen,Hohfeldian duty/privilege/right analysis refined via stit-like agency; core normative-positions theory.,conf/deon/Allen96
DEON,2004,bounded-deontics,prior-art,med,883,7,,Combinations of Tense and Deontic Modality,Lennart Åqvist,Axiomatized hierarchies combining tense and deontic modality; temporal normative reasoning foundations.,conf/deon/Aqvist04
DEON,2008,bounded-deontics,prior-art,med,1214,7,,"Acting, Events and Actions",Mark A. Brown,STIT-tradition logic integrating ought-to-do (tunsollen) with ought-to-be (sein sollen).,conf/deon/Brown08
DEON,2014,bounded-deontics,prior-art,high,104,6,,A Preference-Based Semantics for CTD Reasoning,Erica Calardo; Guido Governatori; Antonino Rotolo,Preference-based possible-world semantics for reparative-obligation connective handling contrary-to-duty paradoxes.,conf/deon/CalardoGR14
DEON,2006,bounded-deontics,prior-art,high,186,6,,"Sequences, Obligations, and the Contrary-to-Duty Paradox",Adam Zachary Wyner,Wyner's deontic treatment of the classic Contrary-to-Duty paradox via sequences and violation markers.,conf/deon/Wyner06
DEON,2004,bounded-deontics,prior-art,med,779,6,,On Normative-Informational Positions,Andrew J. I. Jones,Extends formal theory of normative positions to information-supply regulation contexts.,conf/deon/Jones04
DEON,2008,bounded-deontics,prior-art,high,1229,6,,Pushing Anderson&apos;s Envelope: The Modal Logic of Ascription,Davide Grossi,Unifies Anderson's reductionist deontic approach with counts-as; Anderson 1958 is prior art Meng already cites.,conf/deon/Grossi08
DEON,2010,bounded-deontics,example,high,375,5,http://orbilu.uni.lu/handle/10993/15940,Obligations and Prohibitions in Talmudic Deontic Logic,Michael Abraham; Dov M. Gabbay; Uri J. Schild,Deontic logic applied to Talmudic law obligations/prohibitions; concrete legal-text formalization case study.,conf/deon/AbrahamGS10
DEON,2014,bounded-deontics,prior-art,high,526,5,,For a Dynamic Semantics of Necessity Deontic Modals,Alessandra Marra,"Dynamic non-truth-functional semantics for necessity deontic modals, resolving classical deontic paradoxes.",conf/deon/Marra14
DEON,2004,bounded-deontics,prior-art,med,559,5,,Conflicting Imperatives and Dyadic Deontic Logic,Jörg Hansen,Dyadic deontic logic semantics for handling conflicting imperatives and normative conflicts.,conf/deon/Hansen04
DEON,2012,bounded-deontics,prior-art,high,781,5,,An Andersonian Deontic Logic with Contextualized Sanctions,Christian Straßer; Mathieu Beirlaen,Andersonian reduction of deontic logic with contextualized sanctions resolving Ross/Good-Samaritan paradoxes; Anderson-1958 lineage.,conf/deon/StrasserB12
DEON,2012,bounded-deontics,supports,high,1242,5,,Agreements as Norms,Paolo Turrini,Deontic logic extended to contractual/agreement aspects of coalitional choice; agreements-as-norms directly relevant.,conf/deon/Turrini12
DEON,2004,bounded-deontics,prior-art,high,203,4,,Maintaining Obligations on Stative Expressions in a Deontic Action Logic,Adam Zachary Wyner,"Wyner's deontic action logic for stative obligations in contract formation, execution, and monitoring.",conf/deon/Wyner04
DEON,2012,bounded-deontics,prior-art,med,593,4,,Discussion Paper: Changing Norms Is Changing Obligation Change,Jan M. Broersen; Dov M. Gabbay; Leendert W. N. van der Torre,Discussion paper on norm/obligation change as second-order dynamics; foundational norm-change theory.,conf/deon/BroersenGT12
DEON,2010,bounded-deontics,prior-art,high,706,4,http://orbilu.uni.lu/handle/10993/14547,Moral Particularism and Deontic Logic,Xavier Parent,Input/output-logic theory linking contrary-to-duty obligations and moral particularism/reason holism.,conf/deon/Parent10
DEON,2008,bounded-deontics,prior-art,high,910,4,,Strata of Intervenient Concepts in Normative Systems,Lars Lindahl; Jan Odelstad,Algebraic ground-consequence chains for legal concepts (purchase->ownership->power); Hohfeldian normative-position formalization.,conf/deon/LindahlO08
DEON,2014,bounded-deontics|fm-in-law,supports,high,90,3,,Detecting Deontic Conflicts in Dynamic Settings,Silvano Colombo Tosatto; Guido Governatori; Pierre Kelsen,"Detects conflicting obligations/permissions in dynamic regulatory settings; conflict-detection-as-verification, directly relevant.",conf/deon/TosattoGK14
DEON,2006,bounded-deontics,prior-art,med,1134,3,,Don&apos;t Ever Do That! Long-Term Duties in PDeL,Jesse Hughes; Lambèr M. M. Royakkers,Extends Meyer's PDeL with long-term/indebtedness obligations beyond immediate duties; CTD-adjacent.,conf/deon/HughesR06
DEON,2006,bounded-deontics,prior-art,med,560,2,,Permissions and Uncontrollable Propositions in DSDL3: Non-monotonicity and Algorithms,Souhila Kaci; Leendert W. N. van der Torre,Non-monotonic algorithmic extensions of dyadic DSDL3 permissions with controllable/uncontrollable propositions.,conf/deon/KaciT06
DEON,2010,bounded-deontics|fm-in-law,prior-art,high,561,2,,Axioms for Obligation and Robustness with Temporal Logic,Tim French; John Christopher McCabe-Dansted; Mark Reynolds,Axiomatizes RoCTL* (obligation+temporal CTL*) expressing contrary-to-duty; temporal deontic logic for verification.,conf/deon/FrenchMR10
DEON,2014,bounded-deontics,prior-art,high,737,2,https://orbilu.uni.lu/handle/10993/26837,Toward a Linguistic Interpretation of Deontic Paradoxes - Beth-Reichenbach Semantics Approach for a New Analysis of the Miners Scenario,Dov M. Gabbay; Livio Robaldo; Xin Sun; Leendert W. N. van der Torre; Zohreh Baniasadi,"Beth-Reichenbach semantics analyzing deontic paradoxes via miners scenario, a classic contrary-to-duty dilemma.",conf/deon/GabbayRSTB14
DEON,2006,bounded-deontics,prior-art,med,785,2,,Acting with an End in Sight,Mark A. Brown,Extends Horty-Belnap action account with tense/intention operators for means/ends deontic reasoning.,conf/deon/Brown06
DEON,2014,bounded-deontics,prior-art,high,952,2,,Deontic Diversity,Sven Ove Hansson,"Foundational survey arguing deontic logic comprises diverse structural patterns, not one unified logic.",conf/deon/Hansson14
DEON,2012,bounded-deontics|intro,prior-art,high,1313,2,http://www.irit.fr/~Andreas.Herzig/P/Deon12.pdf,"A Computationally Grounded Dynamic Logic of Agency, with an Application to Legal Actions",Andreas Herzig; Tiago de Lima; Emiliano Lorini; Nicolas Troquard,Computationally grounded dynamic logic of agency (stit) explicitly applied to legal actions.,conf/deon/HerzigLLT12
DEON,2012,bounded-deontics,contrasts,high,759,1,,Sanction Semantics and Contrary-to-Duty Obligations,Louwe B. Kuijer,Shows sanction semantics cannot faithfully represent contrary-to-duty obligations; key negative CTD result.,conf/deon/Kuijer12
DEON,2014,bounded-deontics,prior-art,high,982,1,,A Deontic Logic of Actions and States,Robert Trypuz; Piotr Kulicki,Unified deontic logic of actions and states combining general and specific norms; action-state obligation framework.,conf/deon/TrypuzK14
DEON,2008,bounded-deontics,prior-art,high,1368,1,,Norms in Branching Space-Times,Nuel Belnap,Belnap's branching-space-times foundation for norms/agency/indeterminism; foundational STIT normative theory.,conf/deon/Belnap08
DEON,2004,bounded-deontics,prior-art,high,1052,0,,"Obligation, Contracts, and Negotiation",Mark A. Brown,Analyzes obligations arising from contracts/negotiation; ties deontic logic directly to contractual relationships.,conf/deon/Brown04
DEON,2006,bounded-deontics,prior-art,med,1053,0,,"Roles, Counts-as and Deontic and Action Logics",José Carmo,"Organizational obligations and acting-on-behalf-of via counts-as, roles, deontic and action logics.",conf/deon/Carmo06
ICAIL,1989,intro,prior-art,high,227,157,https://dl.acm.org/doi/pdf/10.1145/74014.74037,A Language for Legal Discourse I: Basic Features,L. Thorne McCarty,Foundational language for legal discourse with deep conceptual models,conf/icail/McCarty89
ICAIL,2005,bounded-deontics,prior-art,high,1,144,http://espace.library.uq.edu.au/view/UQ:9579/ic05.pdf,Temporalised Normative Positions in Defeasible Logic,Guido Governatori; Antonino Rotolo; Giovanni Sartor,Temporalised deontic normative positions in defeasible logic; core deontic-temporal formalism.,conf/icail/GovernatoriRS05
ICAIL,2003,bounded-deontics,prior-art,high,100,111,,Permissions and Obligations in Hierarchical Normative Systems,Guido Boella; Leendert W. N. van der Torre,Weak/strong permission in hierarchical normative systems via input/output logic.,conf/icail/BoelleT03
ICAIL,1987,intro,prior-art,high,39,109,https://dl.acm.org/doi/pdf/10.1145/41735.41757,Logic Programming for Large Scale Applications in Law: A Formalisation of Supplementary Benefit Legislation,Trevor J. M. Bench-Capon; G. O. Robinson; Tom Routen; Marek J. Sergot,Classic logic-programming formalisation of UK Supplementary Benefit legislation as executable law.,conf/icail/Bench-CaponRRS87
ICAIL,2003,intro|fm-in-law,prior-art,high,428,84,,Logic-Based Regulation Compliance-Assistance,Shawn Kerrigan; Kincho H. Law,First-order predicate-calculus regulation compliance-assistance system (environmental regulations),conf/icail/KerriganL03
ICAIL,2013,cnl|bounded-deontics,prior-art,high,34,78,,OASIS LegalRuleML,Tara Athan; Harold Boley; Guido Governatori; Monica Palmirani; Adrian Paschke; Adam Z. Wyner,"OASIS LegalRuleML core: deontic operators, defeasibility, legal-source markup.",conf/icail/AthanBGPPW13
ICAIL,1993,determinacy-frontier,contrasts,high,72,78,,Neural Networks and Open Texture,Trevor J. M. Bench-Capon,Neural nets vs symbolic rules for open-texture classification; direct open-texture facet hit.,conf/icail/Bench-Capon93
ICAIL,1995,bounded-deontics,prior-art,high,156,66,https://dl.acm.org/doi/pdf/10.1145/222092.222243,Obligations Directed from Bearers to Counterparts,Henning Herrestad; Christen Krogh,Hohfeldian logical analysis of directed obligation/prohibition/permission between bearer and counterpart,conf/icail/HerrestadK95
ICAIL,2001,intro,method-to-borrow,med,25,65,http://espace.library.uq.edu.au/view/UQ:9619/governatori.pdf,A formal approach to legal negotiation,Guido Governatori; Marlon Dumas; Arthur H. M. ter Hofstede; Phillipa Oaks,Formal executable framework/protocol for automated legal negotiation with defeasible reasoning module.,conf/icail/GovernatoriDHO01
ICAIL,1989,bounded-deontics|intro,prior-art,high,174,60,,"Deep Models, Normative Reasoning and Legal Expert Systems",Trevor J. M. Bench-Capon,Discusses role of deontic logic and deep models in legal expert systems,conf/icail/Bench-Capon89
ICAIL,2015,bounded-deontics|fm-in-law,contrasts,high,3,51,https://arxiv.org/pdf/1404.1685,Thou shalt is not you will,Guido Governatori,CTD/permission paradox arguing temporal logic ill-suited to norms; bears on deontic-as-LTL question.,conf/icail/Governatori15
ICAIL,2001,intro,prior-art,high,427,51,,Power: Using UML/OCL for modelling legislation - an application report,Tom M. van Engers,POWER project: UML/OCL modeling of tax legislation with automatic code generation for DTCA,conf/icail/Engers01
ICAIL,1993,determinacy-frontier,prior-art,med,32,46,https://dl.acm.org/doi/pdf/10.1145/158976.159001,A Simple Computational Model for Nonmonotonic and Adversarial Legal Reasoning,Giovanni Sartor,Nonmonotonic reasoning over semantically indeterminate/conflicting legal norms.,conf/icail/Sartor93
ICAIL,2007,bounded-deontics,prior-art,high,4,41,http://espace.library.uq.edu.au/view/UQ:13611/icail.pdf,Variants of temporal defeasible logics for modelling norm modifications,Guido Governatori; Antonino Rotolo; Régis Riveret; Monica Palmirani; Giovanni Sartor,Temporal defeasible logic variants for norm modification persistence vs blocking.,conf/icail/GovernatoriRRPS07
ICAIL,1991,intro,prior-art,high,311,41,,Separating World and Regulation Knowledge: Where is the Logic,Joost Breuker; Nienke den Haan,Classic KR debate: separating world knowledge from regulation knowledge in legal reasoning,conf/icail/BreukerH91
ICAIL,1987,intro,prior-art,high,505,41,,A Prolog Model of the Income Tax Act of Canada,D. M. Sherman,"Prolog-based computational model of Canada's Income Tax Act, rules-as-code",conf/icail/Sherman87
ICAIL,2003,intro|fm-in-law,prior-art,high,416,39,,An Executable Specification of an Argumentation Protocol,Alexander Artikis; Marek J. Sergot; Jeremy Pitt,"Executable specification of a normative argumentation protocol in action language C+, run via CCALC",conf/icail/ArtikisSP03
ICAIL,1987,intro,prior-art,high,1022,38,https://dl.acm.org/doi/pdf/10.1145/41735.41762,Esplex: A Rule and Conceptual Model for Representing Statutes,Carlo Biagioli; Paola Mariani; Daniela Tiscornia,Esplex: classic rule-and-conceptual model for representing statutes as computable rules.,conf/icail/BiagioliMT87
ICAIL,1989,determinacy-frontier|intro,prior-art,high,271,36,https://dl.acm.org/doi/pdf/10.1145/74014.74021,Interpreting Statutory Predicates,Edwina L. Rissland; David B. Skalak,CABARET hybrid CBR+rule-based system for statutory predicate interpretation,conf/icail/RisslandS89
ICAIL,1989,intro,prior-art,high,465,36,https://dl.acm.org/doi/pdf/10.1145/74014.74016,The Treatment of Negation in Logic Programs for Representing Legislation,Robert A. Kowalski,"Kowalski's logic-program representation of legislation, negation-as-failure",conf/icail/Kowalski89
ICAIL,1991,bounded-deontics,prior-art,med,107,35,,The Structure of Norm Conditions and Nonmonotonic Reasoning in Law,Giovanni Sartor,Foundational structure-of-norm-conditions analysis; formalism adequacy for rules/exceptions (OCR-garbled abstract).,conf/icail/Sartor91
ICAIL,1991,intro,prior-art,high,265,35,https://dl.acm.org/doi/pdf/10.1145/112646.112660,Legislative Knowledge Base Systems for Public Administration: Some Practical Issues,Peter Johnson; David Mead,Legislative knowledge-base systems as rule-delivery vehicles for public administration,conf/icail/JohnsonM91
ICAIL,1997,bounded-deontics,prior-art,high,363,32,https://dl.acm.org/doi/pdf/10.1145/261618.261658,Towards a Logical Formalization of Responsibility,Laurence Cholvy; Frédéric Cuppens; Claire Saurel,Logical framework combining deontic logic with action logic to formalize responsibility,conf/icail/CholvyCS97
ICAIL,2015,determinacy-frontier|bounded-deontics,prior-art,high,6,31,,Deontic defeasible reasoning in legal interpretation: two options for modelling interpretive arguments,Antonino Rotolo; Guido Governatori; Giovanni Sartor,Deontic defeasible logic for modelling interpretive-canon argumentation.,conf/icail/RotoloGS15
ICAIL,2013,determinacy-frontier,prior-art,high,30,31,http://ruj.uj.edu.pl/xmlui/handle/item/12551,Modeling teleological interpretation,Tomasz Zurek; Michal Araszkiewicz,Model of teleological interpretation of statutory rules.,conf/icail/ZurekA13
ICAIL,1995,bounded-deontics|determinacy-frontier,prior-art,med,795,30,https://dl.acm.org/doi/pdf/10.1145/222092.222099,Hart&apos;s Critics on Defeasible Concepts and Ascriptivism,Ronald Prescott Loui,Engages Hart's foundational theory of defeasibility and ascription of responsibility.,conf/icail/Loui95
ICAIL,2013,fm-in-law|bounded-deontics,example,high,94,29,,Regorous: a business process compliance checker,Guido Governatori; Sidney Shek,Regorous: compliance-by-design business-process compliance checker tool.,conf/icail/GovernatoriS13
ICAIL,1995,intro,prior-art,high,380,29,https://dl.acm.org/doi/pdf/10.1145/222092.222257,The Systematization of Legal Meta-Inference,Hajime Yoshino,Formalizes legal meta-inference (meta-rules over changing legal knowledge) as deductive reasoning,conf/icail/Yoshino95
ICAIL,2005,intro,prior-art,high,893,29,,Computational Law,Nathaniel Love; Michael R. Genesereth,Genesereth's Computational Law: automated reasoning over executable rules/contracts.,conf/icail/LoveG05
ICAIL,2009,intro|cnl,prior-art,high,16,28,,Isomorphism and argumentation,Trevor J. M. Bench-Capon; Thomas F. Gordon,Isomorphism of legal-rule representations to source legislation; explicit isomorphism analysis.,conf/icail/Bench-CaponG09
ICAIL,1995,intro,prior-art,high,403,28,https://dl.acm.org/doi/pdf/10.1145/222092.222245,"Better Language, Better Thought, Better Communication: The A-Hohfeld Language for Legal Analysis",Layman E. Allen; Charles S. Saxon,A-HOHFELD representational language for precise structural interpretation of legal rules,conf/icail/AllenS95
ICAIL,1995,intro,prior-art,med,527,28,https://dl.acm.org/doi/pdf/10.1145/222092.222130,A Constraint-Driven System for Contract Assembly,Aspassia Daskalopulu; Marek J. Sergot,Constraint-driven system modelling document structure for contract assembly,conf/icail/DaskalopuluS95
ICAIL,1991,determinacy-frontier,prior-art,high,337,27,,More IA Needed in AI: Interpretation Assistance for Coping with the Problem of Multiple Structural Interpretations,Layman E. Allen; Charles S. Saxon,Interpretation-assistance system for multiple structural interpretations of legal rules,conf/icail/AllenS91
ICAIL,1989,intro,prior-art,high,224,26,,Hierarchically Organised Formalisations,Tom Routen,Argues statutes have multi-layered logical structure formalizations must mirror,conf/icail/Routen89
ICAIL,2005,bounded-deontics,prior-art,high,264,26,,Permission and Authorization in Normative Multiagent Systems,Guido Boella; Leendert W. N. van der Torre,Distinguishes permission from authorization in normative multiagent systems,conf/icail/BoellaT05
ICAIL,1995,intro|bounded-deontics,prior-art,med,528,25,https://dl.acm.org/doi/pdf/10.1145/222092.222260,New HELIC-II: A Software Tool for Legal Eeasoning,Katsumi Nitta; Masato Shibasaki; Tsuyoshi Sakata; Takahiro Yamaji; Wang Xianchang; Hiroshi Ohsaki; Satoshi Tojo; Iwao Kokubo; T. Anu Suzuki,HELIC-II: typed logic-programming legal reasoner with defeasible priority rules,conf/icail/NittaSSYXOTKS95
ICAIL,1991,determinacy-frontier,prior-art,high,700,25,https://dl.acm.org/doi/pdf/10.1145/112646.112663,Representing and Reasoning About Open-Textured Predicates,Kathryn E. Sanders,CHIRON system representing/reasoning about open-textured predicates in US tax planning; classic open-texture paper.,conf/icail/Sanders91
ICAIL,1987,bounded-deontics,prior-art,high,324,24,https://dl.acm.org/doi/pdf/10.1145/41735.41753,Legal Reasoning in 3-D,Marvin Belzer,"Modal deontic logic 3-D with relative weight between competing norms, PROLOG",conf/icail/Belzer87
ICAIL,2005,bounded-deontics,prior-art,high,353,24,http://dspace.library.uu.nl:8080/handle/1874/19632,Modal logic investigations in the Modal logic investigations in the semantics of counts semantics of counts-as as,Davide Grossi; John-Jules Ch. Meyer; Frank Dignum,"Modal-logic semantics of counts-as, foundational to normative-system/deontic representation",conf/icail/GrossiMD05
ICAIL,1989,determinacy-frontier,prior-art,high,98,23,https://dl.acm.org/doi/pdf/10.1145/74014.74035,Issue Spotting in a System for Searching Interpretation Spaces,Thomas F. Gordon,Issue-spotting by searching interpretation spaces of legal rules.,conf/icail/Gordon89
ICAIL,1987,intro,prior-art,high,147,23,,Oblog-2: A Hybrid Knowledge Representation System for Defeasible Reasoning,Thomas F. Gordon,Oblog-2: hybrid KR system with Horn-clause defeasible rules explicitly designed for modeling legal domains,conf/icail/Gordon87
ICAIL,1993,intro|determinacy-frontier,prior-art,high,359,23,,The Use of Meta-Rules in Rule Based Legal Computer Systems,Uri J. Schild; Shai Herzog,"Meta-rules mechanism atop formalized legislation, addressing intrinsic vagueness of legal rules",conf/icail/SchildH93
ICAIL,1995,bounded-deontics,prior-art,high,442,23,https://dl.acm.org/doi/pdf/10.1145/222092.222241,Solving Normative Conflicts by Merging Roles,Laurence Cholvy; Frédéric Cuppens,Deontic conflict resolution via role priority merging,conf/icail/CholvyC95
ICAIL,1991,intro,prior-art,high,404,22,,Indian Central Civil Service Pension Rules: A Case Study in Logic Programming Applied to Regulations,Marek J. Sergot; A. S. Kamble; K. K. Bajaj,"Classic logic-programming formalization of Indian pension regulations, executable as a program",conf/icail/SergotKB91
ICAIL,1989,intro,prior-art,med,766,20,,ASSYST - Computer Support for Guideline Sentencing,Eric Simon; Gerry Gaes,ASSYST formalizes US federal sentencing guideline determinate-sentencing logic into rigorous programming logic.,conf/icail/SimonG89
ICAIL,2013,intro|fm-in-law,prior-art,high,633,19,https://purehost.bath.ac.uk/ws/files/17548286/icail_CRC_submitted.pdf,A model-based approach to the automatic revision of secondary legislation,Tingting Li; Tina Balke; Marina De Vos; Julian A. Padget; Ken Satoh,Formal model + ASP/ILP for detecting and revising legal conflicts in secondary legislation.,conf/icail/LiBVPS13
ICAIL,2013,bounded-deontics,prior-art,high,42,18,http://hdl.handle.net/10072/58750,Legal contractions: a logical analysis,Guido Governatori; Antonino Rotolo; Francesco Olivieri; Simone Scannapieco,"Legal contraction (rule removal/exception/priority change) in Defeasible Deontic Logic, AGM-style.",conf/icail/GovernatoriROS13
ICAIL,2011,bounded-deontics|intro,prior-art,high,77,16,,Modelling temporal legal rules,Monica Palmirani; Guido Governatori; Giuseppe Contissa,Extends LKIF-rules with temporal dimensions + defeasible logic for legal rule modelling.,conf/icail/PalmiraniGC11
ICAIL,2013,fm-in-law|bounded-deontics,prior-art,high,51,15,,Temporal deontic action logic for the verification of compliance to norms in ASP,Laura Giordano; Alberto Martelli; Daniele Theseider Dupré,Deontic temporal ASP logic verifying business-process compliance via bounded model checking.,conf/icail/GiordanoMD13
ICAIL,2017,bounded-deontics,prior-art,high,57,15,https://zenodo.org/record/3502305,The pragmatic oddity in norm-based deontic logics,Xavier Parent; Leendert W. N. van der Torre,"Pragmatic-oddity CTD paradox in norm-based deontic logics, sound/complete proof systems.",conf/icail/ParentT17
ICAIL,1995,cnl|intro,prior-art,med,452,15,https://dl.acm.org/doi/pdf/10.1145/222092.222202,Automated Legislative Drafting: Generating Paraphrases of Legislation,Radboud Winkels; Nienke den Haan,Generates NL paraphrases from deep-structure legislative representations,conf/icail/WinkelsH95
ICAIL,1993,intro|determinacy-frontier,prior-art,high,220,13,https://dl.acm.org/doi/pdf/10.1145/158976.158988,Legal Interpretation in Expert Systems,Daniel Poulin; Paul Bratley; Jacques Frémont; Ejan Mackaay,Legal expert system recasting interpreted statute/case-law text into formal legal rules,conf/icail/PoulinBFM93
ICAIL,2021,bounded-deontics|fm-in-law,method-to-borrow,high,823,13,https://cronfa.swan.ac.uk/Record/cronfa56727/Download/56727__19747__f61cb7fc6dc9481f959390a34cc038c0.pdf,Towards compliance checking in reified I/O logic via SHACL,Livio Robaldo,Reified I/O logic norm compliance checking via SHACL constraint validation.,conf/icail/Robaldo21
ICAIL,2001,intro,prior-art,high,945,13,,Automated reasoning with legal XML documents,Laurence L. Leff,Jess expert system over contract/court-filing XML to grant summary judgment.,conf/icail/Leff01
ICAIL,2023,intro,example,high,657,12,http://arxiv.org/pdf/2308.02032v1,JusticeBot: A Methodology for Building Augmented Intelligence Tools for Laypeople to Increase Access to Justice,Hannes Westermann; Karim Benyekhlef,JusticeBot: hybrid rule/case-based legal decision-support wizard for laypeople (landlord-tenant).,conf/icail/WestermannB23
ICAIL,1989,determinacy-frontier,prior-art,med,961,12,https://dl.acm.org/doi/pdf/10.1145/74014.74038,A Specialized Expert System for Judicial Decision Support,V. P. Pethe; C. P. Rippey; Laxmikant V. Kalé,Explicitly separates automatable rigid rules from judge-reserved ambiguity/discretion.,conf/icail/PetheRK89
ICAIL,2005,intro,prior-art,high,408,11,,Dynamics of Legal Provisions and its Representation,Jacek Martinek; Jolanta Cybulka,"Event-calculus model of legal-provision dynamics (enact/repeal/amend), implementable in Prolog",conf/icail/MartinekC05
ICAIL,2007,determinacy-frontier|intro,supports,high,1190,11,,Representational complexity in law,Harry Surden; Michael R. Genesereth; Bret Logu,Representational complexity measure for which legal rules are amenable to computational representation,conf/icail/SurdenGL07
ICAIL,2021,intro|determinacy-frontier,prior-art,high,15,10,https://figshare.com/articles/conference_contribution/Converting_copyright_legislation_into_machine-executable_code_interpretation_coding_validation_and_legal_alignment/27593496,"Converting copyright legislation into machine-executable code: interpretation, coding validation and legal alignment",Alice Witt; Anna Huggins; Guido Governatori; Joshua Buckley,Converting copyright legislation to machine-executable code; divergent coder interpretations.,conf/icail/WittHGB21
ICAIL,2017,determinacy-frontier,prior-art,high,65,10,https://inria.hal.science/hal-01672343v1/document,Combining fuzzy logic and formal argumentation for legal interpretation,Célia da Costa Pereira; Andrea G. B. Tettamanzi; Beishui Liao; Alessandra Malerba; Antonino Rotolo; Leendert W. N. van der Torre,Fuzzy logic + argumentation for vagueness/open-texture in legal interpretation.,conf/icail/PereiraTLMRT17
ICAIL,1997,intro,prior-art,high,312,10,https://dl.acm.org/doi/pdf/10.1145/261618.261633,Formalization of Legislative Documents Based on a Functional Model,Daniela Tiscornia; Fabrizio Turchi,Functional-model formalization of legislative documents for drafting support,conf/icail/TiscorniaT97
ICAIL,2015,intro,prior-art,high,869,10,https://pure.uva.nl/ws/files/2740128/170690_At_Your_Service_On_the_Definition_of_Services_from_Sources_of_Law_published_version_.pdf,"At your service, on the definition of services from sources of law",Tom M. van Engers; Robert van Doesburg,Dutch IND translates NL immigration rules to computer-executable specifications.,conf/icail/EngersD15
ICAIL,2023,determinacy-frontier,prior-art,high,257,9,https://dl.acm.org/doi/pdf/10.1145/3594536.3595148,Reasoning with hierarchies of open-textured predicates,Ilaria Canavotto; John F. Horty,Precedential constraint over hierarchies of open-textured legal predicates,conf/icail/CanavottoH23
ICAIL,1993,intro|fm-in-law,prior-art,high,1201,9,,Developing Legal Knowledge Based Systems Using Decision Tables,Jan Vanthienen; F. Robben,Decision-table-based legal KBS (HANDIPAK) used for testing consistency of legal knowledge,conf/icail/VanthienenR93
ICAIL,2023,bounded-deontics|determinacy-frontier,prior-art,high,26,8,https://hdl.handle.net/11585/961928,Deontic Ambiguities in Legal Reasoning,Guido Governatori; Antonino Rotolo,Deontic ambiguity propagation/blocking across norms in Defeasible Deontic Logic.,conf/icail/GovernatoriR23
ICAIL,2003,bounded-deontics,prior-art,high,341,8,,Positive and Negative Expectations and the Deontic Nature of Social Conventions,Cristiano Castelfranchi; Luca Tummolini,"Analyzes deontic nature of social conventions via expectations, prescription, permission",conf/icail/CastelfranchiT03
ICAIL,1993,bounded-deontics,prior-art,high,419,8,,Violation of Norms,Tina Smith,"Analysis of Chisholm's paradox: violability vs defeasibility, factual vs deontic detachment",conf/icail/Smith93
ICAIL,2001,bounded-deontics,prior-art,med,534,8,,Norms and time in agent-based systems,Tiberiu Stratulat; Françoise Clérin-Debart; Patrice Enjalbert,First-order model of normative agent systems with violation detection over time,conf/icail/StratulatCE01
ICAIL,1997,intro,prior-art,high,897,8,,More than wyshful Thinking: AustLII&apos;s Legal Inferencing via the World Wide Web,Graham Greenleaf; Andrew Mowbray; Geoffrey King; Simon Cant; Philip Chung,AustLII's web-deployed rule-based legal inferencing (wysh/DataLex); rules-as-code precursor.,conf/icail/GreenleafMKCC97
ICAIL,2017,determinacy-frontier,prior-art,high,167,7,http://hdl.handle.net/2318/1650088,Compliance patterns: harnessing value modeling and legal interpretation to manage regulatory conversations,Robert Muthuri; Guido Boella; Joris Hulstijn; Sara Capecchi; Llio Humphreys,Explicitly addresses law's open texture requiring interpretation before compliance application,conf/icail/MuthuriBHCH17
ICAIL,2003,intro|determinacy-frontier,prior-art,med,508,7,,Improving Legal Quality - an application report,Tom M. van Engers; Margherita R. Boekenoogen,"POWER method translating legislation into processes/programs, detects anomalies",conf/icail/EngersB03
ICAIL,2021,intro|fm-in-law,prior-art,high,606,7,https://ink.library.smu.edu.sg/ccla/7,Constraint answer set programming as a tool to improve legislative drafting: a rules as code experiment,Jason Morris,Constraint answer-set programming rules-as-code experiment for legislative drafting.,conf/icail/Morris21
ICAIL,1993,intro,prior-art,med,847,7,https://dl.acm.org/doi/pdf/10.1145/158976.158997,Beyond Knowledge Representation: Commercial Uses for Legal Knowledge Bases,Surendra Dayal; Michael Harmer; Peter Johnson; David Mead,SoftLaw: legislation modeled as computer-processable rules for admin business apps.,conf/icail/DayalHJM93
ICAIL,2017,determinacy-frontier,prior-art,high,95,6,,A logical architecture for dynamic legal interpretation,Juliano S. A. Maranhão,Input/output-logic architecture for dynamic legal interpretation as theory revision.,conf/icail/Maranhao17
ICAIL,2017,bounded-deontics,prior-art,high,103,6,http://hdl.handle.net/11585/626954,Changes to temporary norms,Matteo Cristani; Francesco Olivieri; Antonino Rotolo,"Operators for modifying temporary norms (extend/anticipate, preserve/void effects).",conf/icail/CristaniOR17
ICAIL,2019,determinacy-frontier,prior-art,med,190,6,,Value assessment and revision in legal interpretation,Juliano Maranhão; Giovanni Sartor,Constructive legal interpretation as theory revision over balancing-values/deontological i/o logic,conf/icail/MaranhaoS19
ICAIL,1995,cnl|intro,method-to-borrow,high,275,6,https://dl.acm.org/doi/pdf/10.1145/222092.222224,A Computational Framework for Dialectical Reasoning,Pierre St-Vincent; Daniel Poulin; Paul Bratley,Meta-level rule system preserving isomorphic representation of legal knowledge,conf/icail/St-VincentPB95
ICAIL,2001,bounded-deontics,prior-art,high,695,6,,An action-based ontology of legal relations,Guido Boella; Lyda Favali; Leonardo Lesmo,Action-based ontology defining obligation to describe Hohfeldian legal relations (A-Hohfeld language).,conf/icail/BoellaFL01
ICAIL,2023,intro|cnl,method-to-borrow,high,1019,6,,Improving Translation of Case Descriptions into Logical Fact Formulas using LegalCaseNER,May Myo Zin; Ha-Thanh Nguyen; Ken Satoh; Saku Sugawara; Fumihito Nishino,NER pipeline translating natural-language case descriptions into PROLEG logical fact formulas.,conf/icail/ZinNSSN23
ICAIL,2017,determinacy-frontier|intro,prior-art,high,298,5,https://research.rug.nl/en/publications/c93c1d4a-bbc8-4e5b-af86-bfe381ac460e,On making autonomous vehicles respect traffic law: a case study for dutch law,Henry Prakken,Evaluates AV traffic-law compliance designs against exceptions/vagueness in Dutch law,conf/icail/Prakken17
ICAIL,1987,bounded-deontics,prior-art,high,394,5,https://dl.acm.org/doi/pdf/10.1145/41735.41754,On the Relationship Between Permission and Obligation,A. J. I. Jones,Classic critique of McCarty's dynamic-logic semantics for permission and obligation,conf/icail/Jones87
ICAIL,2011,bounded-deontics|intro,prior-art,med,547,5,,Modelling semantic profiles in legislative documents for enhanced norm accessibility,Tommaso Agnoloni; Enrico Francesconi,RDF/OWL modelling of Hohfeldian legal relations between legislative provisions,conf/icail/AgnoloniF11
ICAIL,2021,fm-in-law|intro,prior-art,high,747,5,,Interactive system for arranging issues based on PROLEG in civil litigation,Ken Satoh; Kazuko Takahashi; Tatsuki Kawasaki,Interactive PROLEG-based system arranging disputed issues in Japanese civil litigation; logic-programming legal reasoning.,conf/icail/SatohTK21
ICAIL,1989,bounded-deontics,prior-art,high,895,5,https://dl.acm.org/doi/pdf/10.1145/74014.74036,A Sketch of Logic Without Truth,Carlos E. Alchourrón; Antonio A. Martino,Foundational Jorgensen's-dilemma/deontic-logic paper by Alchourron & Martino.,conf/icail/AlchourronM89
ICAIL,2001,intro,prior-art,med,1244,5,,Design and implementation of GungaWeb: an application of classical expert system technology to the production of Web-based commercial systems,David E. Woodin,Expert system auto-generating web-based legal advisory apps; app-generation precursor.,conf/icail/Woodin01
ICAIL,2021,intro,prior-art,high,216,4,,Practical tools from formal models: the ECHR as a case study,Katie Atkinson; Joe Collenette; Trevor J. M. Bench-Capon; Kanstantsin Dzehtsiarou,"Executable ANGELIC model + interface collecting facts and giving explanations for ECHR, directly parallel to L4 citizen wizards",conf/icail/AtkinsonCBD21
ICAIL,1997,bounded-deontics,prior-art,high,266,4,,Distinguishing Different Roles in Normative Reasoning,Leendert W. N. van der Torre; Yao-Hua Tan,Diagnostic vs decision-theoretic frameworks for reasoning about norm violations/goals,conf/icail/TorreT97
ICAIL,2009,intro|bounded-deontics,prior-art,high,267,4,http://www.ifi.uio.no/~gerardo/icail09.pdf,Abstract specification of legal contracts,Cristian Prisacariu; Gerardo Schneider,CL: action-based deontic language for abstract specification of legal contracts,conf/icail/PrisacariuS09
ICAIL,1997,intro,prior-art,high,358,4,https://dl.acm.org/doi/pdf/10.1145/261618.261623,Achieving Fluency in Modernized and Formalized Hohfeld: Puzzles and Games for the LEGAL RELATIONS Language,Layman E. Allen; Charles S. Saxon,"LEGAL RELATIONS Language: formalized Hohfeldian language for legal analysis, puzzles/games for fluency",conf/icail/AllenS97
ICAIL,2019,bounded-deontics|intro,prior-art,high,393,4,,"The False, the Former, and the Parish Priest",Robert van Doesburg; Tom M. van Engers,Debates deontic vs potestative (power) norms using the FLINT domain-specific language,conf/icail/DoesburgE19
ICAIL,2003,fm-in-law,method-to-borrow,high,734,4,,Modelling Legal Reasoning in a Mathematical Environment through Model-Theoretic Semantics,Samuel M. Brasil Jr.; Berilhes Borges Garcia,Translates conditional-logic legal reasoning into weighted MAXSAT to compute defeasible entailments.,conf/icail/BrasilG03
ICAIL,2001,intro|determinacy-frontier,prior-art,high,941,4,,Advisory systems for pro se litigants,Karl Branting,Pro se advisory system automating documents where no open-textured reasoning needed.,conf/icail/Branting01
ICAIL,2015,intro|determinacy-frontier,prior-art,high,1264,4,,How to ground a language for legal discourse in a prototypical perceptual semantics,L. Thorne McCarty,McCarty's Language for Legal Discourse grounded in perceptual semantics; addresses coherence.,conf/icail/McCarty15
ICAIL,2015,intro,example,high,84,3,,RuleOMS: a rule-based online management system,Mohammad Badiul Islam; Guido Governatori,RuleOMS: defeasible-logic rule engine integrated with relational DBs for regulation-driven decisions.,conf/icail/IslamG15
ICAIL,2021,bounded-deontics,prior-art,high,85,3,http://hdl.handle.net/10072/407857,Unravel legal references in defeasible deontic logic,Guido Governatori; Francesco Olivieri,Modelling and resolving cross-references between legal provisions in defeasible deontic logic.,conf/icail/GovernatoriO21
ICAIL,2017,fm-in-law,prior-art,high,214,3,,Performance improvement on legal model checking,Carlos Faciano; Sergio Mera; Fernando Schapachnik; Ana Haydée Di Iorio; Bibiana Luz Clara; Verónica Uriarte; María Fernanda Giaccaglia; María Belén Ruffa; Cristian Marcos,"FormaLex model checker for legal-document coherence, applied to a real consumer-protection act",conf/icail/FacianoMSICUGRM17
ICAIL,2013,determinacy-frontier,prior-art,high,276,3,,Vagueness in law: a stimulus for &apos;artificial intelligence &amp; law&apos;,Doris Liebwald,Analyzes vagueness in legal language as challenge/opportunity for AI&Law,conf/icail/Liebwald13
ICAIL,2003,bounded-deontics|fm-in-law,prior-art,high,373,3,,Specifying and Reasoning with Institutional Agents,Filipe Santos; Olga Pacheco,"Role-based deontic/action modal logic for institutional agents, automated via tableaux theorem proving",conf/icail/SantosP03
ICAIL,2005,determinacy-frontier,prior-art,high,411,3,,A Taxonomy for Modelling Discretionary Decision Making in the Legal Domain,Uri J. Schild; John Zeleznikow,Taxonomy of legal discretion and open texture for modeling discretionary decision-making,conf/icail/SchildZ05
ICAIL,2013,bounded-deontics,prior-art,high,89,2,https://inria.hal.science/hal-00907879/document,A deontic logic semantics for licenses composition in the web of data,Antonino Rotolo; Serena Villata; Fabien Gandon,Deontic-logic semantics (permission/obligation/prohibition) for Web-of-Data license composition.,conf/icail/RotoloVG13
ICAIL,2019,bounded-deontics|fm-in-law,prior-art,high,126,2,https://arxiv.org/pdf/1810.09993,Automated reasoning in normative detachment structures with ideal conditions,Tomer Libal; Matteo Pascucci,"Bimodal logic for contrary-to-duty reasoning, deontic paradoxes, mechanized query-answering on legal text",conf/icail/LibalP19
ICAIL,2023,intro|determinacy-frontier,supports,high,211,2,https://ruj.uj.edu.pl/xmlui/handle/item/324349,Identification of Legislative Errors,Michal Araszkiewicz; Enrico Francesconi; Tomasz Zurek,"Detects legislative drafting errors via formal comparison of provision semantics, akin to L4's bug-finding claim",conf/icail/AraszkiewiczFZ23
ICAIL,2025,cnl|intro,method-to-borrow,high,291,2,https://doi.org/10.1145/3769126.3769222,Towards Machine-Readable Traffic Laws: Formalizing Traffic Rules into PROLOG Using LLMs,May Myo Zin; Georg Borges; Ken Satoh; Wachara Fungwacharakorn,LLM pipeline: traffic rules to Logical English then PROLOG for AV compliance,conf/icail/ZinBSF25
ICAIL,2023,intro|bounded-deontics,prior-art,high,338,2,,Computable Contracts by Extracting Obligation Logic Graphs,Sergio Servantez; Nedim Lipka; Alexa F. Siu; Milan Aggarwal; Balaji Krishnamurthy; Aparna Garimella; Kristian J. Hammond; Rajiv Jain,Extracts Obligation Logic Graphs from NL contracts to generate computable-contract code,conf/icail/ServantezLSAKGH23
ICAIL,1991,intro,prior-art,high,429,2,https://dl.acm.org/doi/pdf/10.1145/112646.112659,Knowledge-Based Approaches to Government Benefits Analysis,Marc Lauritsen,"Knowledge-based modeling of government benefits rules, analogous to rules-as-code benefits domain",conf/icail/Lauritsen91
ICAIL,2001,cnl|intro,prior-art,high,1149,2,,AustLII&apos;s Aide - Natural language legislative rulebases,Russell Allen; Philip Chung; Andrew Mowbray; Graham Greenleaf,"AustLII Aide: quasi-natural-language KR close to statutory language, usable by predicate-calculus inference engine",conf/icail/AllenCMG01
ICAIL,1987,intro,prior-art,high,1314,2,https://dl.acm.org/doi/pdf/10.1145/41735.41755,System = Program + Users + Law,Naftaly H. Minsky; David Rozenshtein,Foundational law-governed-systems paper; logic programming enforcing law as executable code.,conf/icail/MinskyR87
ICAIL,2025,bounded-deontics|cnl,prior-art,high,188,1,https://doi.org/10.1145/3769126.3769257,Legal Explanation in Defeasible Deontic Logic via LegalRuleML,Guido Governatori; Monica Palmirani,Legal explanation via Defeasible Deontic Logic encoded/translated through LegalRuleML,conf/icail/GovernatoriP25
ICAIL,2017,intro|determinacy-frontier,prior-art,high,229,1,,Interpreting contracts using english common law rules as stated by Lord Hoffmann,John Henderson; Trevor J. M. Bench-Capon,"Computational procedure for contract interpretation per common-law rules, ontology-based",conf/icail/HendersonB17
ICAIL,2025,bounded-deontics,method-to-borrow,high,230,1,https://doi.org/10.1145/3769126.3769260,"&quot;Lost in EU Regulation? Don&apos;t Worry, AI Found the Obligation&quot;: Extracting and Representing Legal Obligations in the GDPR the DSA and the AI Act",Thiago Raulino Dal Pont; Federico Galli; Galileo Sartor; Giuseppe Contissa,"LLM pipeline extracting/structuring deontic obligations from GDPR, DSA, AI Act",conf/icail/PontGSC25
ICAIL,2025,determinacy-frontier,prior-art,high,305,1,https://doi.org/10.1145/3769126.3769226,DeCoRA: Definition and Context Reasoning in Argumentation,Ngoc-Duy Mai; Xuan-Bach Le; Thi-Hai-Yen Vuong; Ha-Thanh Nguyen; Kostas Stathis; Ken Satoh,DeCoRA: context-aware framework for resolving ambiguous/conflicting legal definitions,conf/icail/MaiLVNSS25
ICAIL,2023,bounded-deontics,prior-art,high,355,1,,Multi-agent logic for reasoning about duties and powers in private law,Tianwen Xu; Fengkui Ju,Multi-agent dynamic deontic logic for duties and powers in private law,conf/icail/XuJ23
ICAIL,2015,determinacy-frontier,prior-art,high,471,1,http://ruj.uj.edu.pl/xmlui/handle/item/13412,Incorporation of complex doctrinal theories in a model of statutory interpretation: an example of adequate causal link,Michal Araszkiewicz,Semi-formal model of statutory interpretation doctrine (causation),conf/icail/Araszkiewicz15
ICAIL,2021,fm-in-law|intro,prior-art,high,480,1,,Modelling legal procedures,Antonino Rotolo; Clara Smith,"Models legal procedures via PDL, treating claims/resolutions as programs",conf/icail/RotoloS21
ICAIL,2025,intro|determinacy-frontier,prior-art,high,720,1,https://doi.org/10.1145/3769126.3769131,Applying a Fidelity Approach to Choices in Encoding Legislation,Nicholas Godfrey,Experiment applying fidelity-translation models to interpretive choices when encoding legislation.,conf/icail/Godfrey25
ICAIL,1993,intro,prior-art,med,860,1,,"Controlling and Augmenting Legal Inferencing: ysh, a Case Study",Graham Greenleaf; Andrew Mowbray,DataLex/ysh inference engine: quasi-NL rule representation with explanation facility.,conf/icail/GreenleafM93
ICAIL,2003,intro,prior-art,high,928,1,,Using Configuration Technology as the Core of a Legal Decision Support System,Erik Roland van der Meer; I. S. Henriksen; Henrik Reif Andersen,"Compiles a legal act into a configuration engine, web-based decision-support system.",conf/icail/MeerHA03
ICAIL,2013,fm-in-law|intro,prior-art,high,931,1,https://www.um.edu.mt/library/oar//handle/123456789/23054,Synthesising implicit contracts,Gordon J. Pace; Fernando Schapachnik,Synthesises implicit contracts as contract automata for interactive systems.,conf/icail/PaceS13
ICAIL,1997,intro,prior-art,high,1375,1,,Determination of Residence Status for Taxation Law: Development of a Rule-Based Expert System,Rodney Fisher,Rule-based expert system determining taxpayer residence status under tax legislation,conf/icail/Fisher97
ICAIL,2025,bounded-deontics,prior-art,high,59,0,https://doi.org/10.1145/3769126.3769250,Judicial Permission,Guido Governatori; Antonino Rotolo,Judicial (weak) permission dialogue-game model in criminal trials.,conf/icail/GovernatoriR25
ICAIL,2025,bounded-deontics,prior-art,high,60,0,https://dl.acm.org/doi/10.1145/3769126.3769242,Rule-based Deontic Case-based Reasoning,Antonino Rotolo; Cecilia Di Florio; Guido Governatori,Rule-based deontic CBR framework validating AI judicial predictions via Defeasible Deontic Logic.,conf/icail/RotoloFG25
ICAIL,2025,cnl|intro,prior-art,high,163,0,https://doi.org/10.1145/3769126.3769254,"You Take the High Road, and I&apos;ll Take the Low Road: Large Language Models Logical English and the Highway Code",Thiago Raulino Dal Pont; Galileo Sartor; Adam Z. Wyner; Giovanni Sartor,"LLM + Logical English (CNL) pipeline translating traffic rules into executable rule-based framework, simulation-validated",conf/icail/PontSWS25
ICAIL,2025,bounded-deontics|determinacy-frontier,prior-art,high,243,0,,Judicial Discretion as Normative Reasoning: Deontic Characterization of Judicial Decision Making with Answer Set Programming,Josephine Dik; Réka Markovich,ASP-based deontic characterization of judicial discretion and its boundaries,conf/icail/DikM25
ICAIL,2025,fm-in-law,method-to-borrow,high,244,0,https://doi.org/10.1145/3769126.3769207,A Causal Model Checker for Legal Cases,Ruta Liepina; Tiago de Lima; Emiliano Lorini; Giuseppe Pisano; Giovanni Sartor,"Model checker (TQBF) for causal notions (NESS, actual cause) in legal cases",conf/icail/LiepinaLLPS25
ICAIL,2007,determinacy-frontier|intro,prior-art,high,284,0,,NewMINT interpretation assistance system: United States Constitution First Amendment&apos;s initial 1344 interpretations,Layman E. Allen; Adam W. Tury,NewMINT generates 1344 formal interpretations of First Amendment ambiguities,conf/icail/AllenT07
ICAIL,2025,determinacy-frontier,method-to-borrow,high,315,0,https://doi.org/10.1145/3769126.3769246,AF-XRAY: Visual Explanation and Resolution of Ambiguity in Legal Argumentation Frameworks,Yilin Xia; Heng Zheng; Shawn Bowers; Bertram Ludäscher,AF-XRAY toolkit visualizing/resolving ambiguity in legal argumentation frameworks,conf/icail/Xia0BL25
ICAIL,2009,determinacy-frontier|intro,prior-art,high,422,0,,Using critical questions to disambiguate and formalize statutory provisions,Matthias Grabmair; Kevin D. Ashley,Process model using critical questions to disambiguate statutory provisions before formalization into logic,conf/icail/GrabmairA09
ICAIL,2023,intro,prior-art,high,423,0,https://dl.acm.org/doi/pdf/10.1145/3594536.3595160,On Normative Arrows and Comparing Tax Automation Systems,Paulus N. Meessen,"Compares tax/benefits DSLs Catala and Regelspraak, directly analogous to L4's design space",conf/icail/Meessen23
ICAIL,2025,fm-in-law|bounded-deontics,prior-art,high,601,0,https://doi.org/10.1145/3769126.3769202,Logical Modalities within the European AI Act: An Analysis,Lara Lawniczak; Christoph Benzmüller,LogiKEy/Isabelle HOL shallow-embedding formalization of modalities in the EU AI Act.,conf/icail/LawniczakB25
ICAIL,2001,bounded-deontics,prior-art,high,813,0,,Reasoning about the objects of attitudes and operators: Towards a disquotation theory for representation of propositional content,Steven O. Kimbrough,Disquotation theory formalizing modal and deontic embedded-propositional sentences.,conf/icail/Kimbrough01
ICAIL,2025,intro,method-to-borrow,high,1004,0,https://doi.org/10.1145/3769126.3769234,ALEXChat: a Generative - Symbolic Approach to Legal eXplainability,Marco Billi; Alessandro Parenti; Giuseppe Pisano; Marco Sanchi,Generative-symbolic chatbot: Prolog rules + argumentation + LLM explainability layer.,conf/icail/BilliPPS25
ICAIL,1991,intro,prior-art,high,1501,0,https://dl.acm.org/doi/pdf/10.1145/112646.112681,An expert system for the application of import and export regulations,G. Van Nevel; F. Balfroid; R. Venken,Prolog expert system executing import/export regulations; early rules-as-code system.,conf/icail/NevelBV91
ICAIL,2025,bounded-deontics,prior-art,high,1584,0,https://doi.org/10.1145/3769126.3769203,Intents in Actions,Joseph Y. Halpern; Meir Friedenberg,"Formal causal-model definition of intent in action, drawing on philosophy of law; relevant to modeling mens rea/normative action concepts.",conf/icail/HalpernF25
ICAIL,2025,determinacy-frontier|intro,supports,high,1601,0,https://dl.acm.org/doi/pdf/10.1145/3769126.3769196?download=true,A Demonstration of a Semi-Structured Legal Reasoning Framework,Hannes Westermann,DALLMA framework combines expert-system structured legal criteria with LLMs for open-textured terms; directly engages determinacy frontier.,conf/icail/Westermann25
JURIX,2011,intro|cnl,method-to-borrow,high,13,84,,On Rule Extraction from Regulations,Adam Z. Wyner; Wim Peters,Linguistically-oriented rule extraction from regulations into executable logic.,conf/jurix/WynerP11
JURIX,2018,bounded-deontics|cnl,prior-art,high,281,58,https://doi.org/10.3233/978-1-61499-935-5-91,Legal Ontology for Modelling GDPR Concepts and Norms,Monica Palmirani; Michele Martoni; Arianna Rossi; Cesare Bartolini; Livio Robaldo,PrOnto GDPR ontology using LegalRuleML/defeasible logic for rights and duties,conf/jurix/PalmiraniMRBR18
JURIX,2018,bounded-deontics|intro,prior-art,high,237,45,https://doi.org/10.3233/978-1-61499-935-5-101,Modelling Legal Knowledge for GDPR Compliance Checking,Monica Palmirani; Guido Governatori,GDPR compliance checking via BPMN + Regorous defeasible-logic engine,conf/jurix/PalmiraniG18
JURIX,2009,intro|determinacy-frontier,prior-art,high,295,40,,Rule-based versus Principle-based Regulatory Compliance,Brigitte Burgemeestre; Joris Hulstijn; Yao-Hua Tan,Compares rule-based vs principle-based regulatory compliance reasoning (EU vs US customs),conf/jurix/BurgemeestreHT09
JURIX,2014,determinacy-frontier,prior-art,high,48,26,https://scholar.uwindsor.ca/cgi/viewcontent.cgi?article=1032&context=crrarpub,Argumentation Schemes for Statutory Interpretation: A Logical Analysis,Giovanni Sartor; Doug Walton; Fabrizio Macagno; Antonino Rotolo,Logical analysis of argumentation schemes for statutory interpretation canons.,conf/jurix/SartorWMR14
JURIX,2008,fm-in-law,prior-art,high,166,23,,An Algorithm for Business Process Compliance,Guido Governatori; Antonino Rotolo,Algorithm for checking business-process compliance against business rules,conf/jurix/GovernatoriR08
JURIX,2013,determinacy-frontier,prior-art,high,270,21,http://ruj.uj.edu.pl/xmlui/handle/item/13067,Towards Systematic Research on Statutory Interpretation in AI and Law,Michal Araszkiewicz,Semi-formal model of statutory-interpretation argumentation with term-extension analysis,conf/jurix/Araszkiewicz13
JURIX,2009,intro,prior-art,high,222,19,,Translating the Japanese Presupposed Ultimate Fact Theory into Logic Programming,Ken Satoh; Masahiro Kubota; Yoshiaki Nishigai; Chiaki Takano,Formalizes Japanese legal presupposed-fact theory as logic programming with negation-as-failure,conf/jurix/SatohKNT09
JURIX,2023,intro,prior-art,high,537,19,https://ebooks.iospress.nl/pdf/doi/10.3233/FAIA230962,From Text to Structure: Using Large Language Models to Support the Development of Legal Expert Systems,Samyar Janatian; Hannes Westermann; Jinzhe Tan; Jaromír Savelka; Karim Benyekhlef,LLMs auto-extract structured legal-expert-system pathways from legislation,conf/jurix/JanatianWTSB23
JURIX,2020,bounded-deontics|fm-in-law,prior-art,high,143,18,https://ebooks.iospress.nl/pdf/doi/10.3233/FAIA200844,Traffic Rules Encoding Using Defeasible Deontic Logic,Hanif Bhuiyan; Guido Governatori; Andy Bond; Sébastien Demmel; Mohammad Badiul Islam; Andry Rakotonirainy,Defeasible Deontic Logic encoding of AV traffic rules with compliance assessment,conf/jurix/BhuiyanGBDIR20
JURIX,2017,cnl|bounded-deontics,prior-art,high,135,16,https://doi.org/10.3233/978-1-61499-838-9-1,Normative Requirements as Linked Data,Fabien Gandon; Guido Governatori; Serena Villata,Extends LegalRuleML for normative requirements as Linked Data with operational deontic reasoning,conf/jurix/GandonGV17
JURIX,2008,intro|fm-in-law,prior-art,high,413,15,,Automated Legal Assessment in OWL 2,Saskia van de Ven; Joost Breuker; Rinke Hoekstra; Lars Wortel,HARNESS: OWL-DL reasoning (sound & complete) for automated legal assessment of norm compliance,conf/jurix/VenBHW08
JURIX,2012,intro|fm-in-law,prior-art,high,239,14,http://hdl.handle.net/2318/1698231,An Empirical Approach to the Semantic Representation of Laws,Adam Z. Wyner; Johan Bos; Valerio Basile; Paulo Quaresma,State-of-art automatic translation of laws to machine-readable formal representation,conf/jurix/WynerBBQ12
JURIX,2018,intro,supports,high,82,13,https://doi.org/10.3233/978-1-61499-935-5-31,Legal Representation and Reasoning in Practice: A Critical Comparison,Sotiris Batsakis; George Baryannis; Guido Governatori; Ilias Tachmazidis; Grigoris Antoniou,Critical comparison of ASP/Argumentation/Defeasible-Logic representations for legal rule reasoning.,conf/jurix/BatsakisBGTA18
JURIX,2015,determinacy-frontier,prior-art,high,432,13,http://ruj.uj.edu.pl/xmlui/handle/item/23449,Comprehensive Framework Embracing the Complexity of Statutory Interpretation,Michal Araszkiewicz; Tomasz Zurek,Comprehensive framework representing the complexity of statutory interpretation,conf/jurix/AraszkiewiczZ15
JURIX,2008,intro,prior-art,med,532,13,,Formal Aspects of Legislative Meta-Drafting,Carlo Biagioli; Davide Grossi,Description-Logic formalization of legislative meta-drafting metadata,conf/jurix/BiagioliG08
JURIX,2018,bounded-deontics|intro,prior-art,high,183,12,https://doi.org/10.3233/978-1-61499-935-5-21,On Observing Contracts: Deontic Contracts Meet Smart Contracts,Shaun Azzopardi; Gordon J. Pace; Fernando Schapachnik,Deontic contract monitoring of smart contracts for real-time violation detection,conf/jurix/AzzopardiPS18
JURIX,2014,intro,prior-art,high,303,11,https://pure.uva.nl/ws/files/38829899/154586_JURIX2014.pdf,On the Interactional Meaning of Fundamental Legal Concepts,Giovanni Sileno; Alexander Boer; Tom M. van Engers,Petri-net analysis of Hohfeldian jural relations as interactional obligations/liabilities,conf/jurix/SilenoBE14
JURIX,2011,bounded-deontics,prior-art,high,50,9,,Three Concepts of Defeasible Permission,Guido Governatori; Francesco Olivieri; Antonino Rotolo; Simone Scannapieco,Three concepts of defeasible permission as exceptions to obligations.,conf/jurix/GovernatoriORS11
JURIX,2013,bounded-deontics|intro,prior-art,high,54,9,,Heuristics for Licenses Composition,Guido Governatori; Ho-Pun Lam; Antonino Rotolo; Serena Villata; Fabien Gandon,License-composition heuristics combining deontic permissions/obligations/prohibitions via defeasible reasoner.,conf/jurix/GovernatoriLRVG13
JURIX,2010,fm-in-law|intro,prior-art,high,381,9,,Model Checking Legal Documents,Daniel Gorín; Sergio Mera; Fernando Schapachnik,FormaLex toolset uses off-the-shelf LTL model checkers for automatic analysis of legislative drafts,conf/jurix/GorinMS10
JURIX,2013,fm-in-law|bounded-deontics,prior-art,high,873,9,http://opus.bath.ac.uk/42600/1/jurix_abstract.pdf,Legal Conflict Detection in Interacting Legal Systems,Tingting Li; Tina Balke; Marina De Vos; Julian A. Padget; Ken Satoh,Computational model detecting conflicts between interacting legal specifications (privacy law).,conf/jurix/LiBVPS13
JURIX,2010,intro|bounded-deontics,prior-art,high,87,8,,Temporal Dimensions in Rules Modelling,Monica Palmirani; Guido Governatori; Giuseppe Contissa,XML-schema extending LKIF-rules with temporal dimensions for legal-rule modelling.,conf/jurix/PalmiraniGC10
JURIX,2017,cnl,prior-art,high,181,8,https://doi.org/10.3233/978-1-61499-838-9-101,On Annotation of the Textual Contents of Scottish Legal Instruments,Adam Z. Wyner; Fraser Gough; François Lévy; Matt Lynch; Adeline Nazarenko,Pilot methodology annotating Scottish legal instruments with LegalRuleML elements,conf/jurix/WynerGLLN17
JURIX,2019,bounded-deontics|intro,prior-art,high,258,8,https://doi.org/10.3233/faia190320,Defeasible Systems in Legal Reasoning: A Comparative Assessment,Roberta Calegari; Giuseppe Contissa; Francesca Lagioia; Andrea Omicini; Giovanni Sartor,"Comparative survey of defeasible-reasoning formalisms for legal knowledge (DL, ASP, ASPIC+)",conf/jurix/CalegariCLOS19
JURIX,2014,bounded-deontics|intro,prior-art,high,361,8,https://www.um.edu.mt/library/oar/bitstream/123456789/24153/1/jurix2014.pdf,Contract Automata with Reparations,Shaun Azzopardi; Gordon J. Pace; Fernando Schapachnik,Contract automata extended with reparation clauses for contract violations,conf/jurix/AzzopardiPS14
JURIX,2016,determinacy-frontier,prior-art,high,46,7,http://hdl.handle.net/11585/602591,Interpretation Across Legal Systems,Alessandra Malerba; Antonino Rotolo; Guido Governatori,Interpretive canons across legal systems in private international law.,conf/jurix/MalerbaRG16
JURIX,2011,bounded-deontics|intro,prior-art,high,292,7,,"Permissions in Contracts, a Logical Insight",Gordon J. Pace; Fernando Schapachnik,"Automata-based semantics for permissions in multi-party contracts, strictness analysis",conf/jurix/PaceS11
JURIX,2012,bounded-deontics|intro,prior-art,high,386,7,,Types of Rights in Two-Party Systems: A Formal Analysis,Gordon J. Pace; Fernando Schapachnik,Formalizes Kanger's rights (claim/freedom/power/immunity) as permissions/obligations for two-party contracts,conf/jurix/PaceS12
JURIX,2015,bounded-deontics,prior-art,high,392,6,,Influence and Responsibility: A Logical Analysis,Emiliano Lorini; Giovanni Sartor,STIT logic analysis of influence-based (secondary/accomplice) responsibility,conf/jurix/LoriniS15
JURIX,2022,fm-in-law|bounded-deontics,prior-art,med,496,6,https://ebooks.iospress.nl/pdf/doi/10.3233/FAIA220479,Can a Military Autonomous Device Follow International Humanitarian Law?,Tomasz Zurek; Mostafa Mohajeriparizi; Jonathan Kwik; Tom M. van Engers,Formal model + experimental verification of IHL compliance for autonomous device,conf/jurix/ZurekMKE22
JURIX,2022,cnl,method-to-borrow,high,681,6,https://ebooks.iospress.nl/pdf/doi/10.3233/FAIA220453,A Multi-Step Approach in Translating Natural Language into Logical Formula,Ha-Thanh Nguyen; Wachara Fungwacharakorn; Fumihito Nishino; Ken Satoh,Deep-learning method translating natural language into logical formulas for legal reasoning support.,conf/jurix/NguyenFNS22
JURIX,2023,intro,example,high,891,6,https://ebooks.iospress.nl/pdf/doi/10.3233/FAIA230987,Tough Decisions? Supporting System Classification According to the AI Act,Hilmy Hanif; Jorge Constantino; Marie-Therese Sekwenz; Michel van Eeten; Jolien Ubacht; Ben Wagner; Yury Zhauniarovich,Decision-tree executable framework classifying AI systems under EU AI Act risk tiers.,conf/jurix/HanifCSEUWZ23
JURIX,2016,bounded-deontics,prior-art,high,67,5,,When and How to Violate Norms,Trevor J. M. Bench-Capon; Sanjay Modgil,Value-based reasoning about when/how agents should violate norms.,conf/jurix/Bench-CaponM16
JURIX,2014,determinacy-frontier,prior-art,high,194,5,,Interpretative Argumentation Schemes,Douglas Walton; Fabrizio Macagno; Giovanni Sartor,Argumentation schemes explicitly for contested statutory interpretation,conf/jurix/WaltonMS14
JURIX,2016,intro|bounded-deontics|determinacy-frontier,method-to-borrow,high,573,5,https://www.um.edu.mt/library/oar//handle/123456789/22368,Reasoning About Partial Contracts,Shaun Azzopardi; Albert Gatt; Gordon J. Pace,Action-based deontic logic formal contract model reasoning under partiality/incompleteness.,conf/jurix/AzzopardiGP16
JURIX,2010,intro|fm-in-law,prior-art,high,1255,5,,Semantic Analysis of Paragraphs Consisting of Multiple Sentences - Towards Development of a Logical Formulation System,Kenji Takano; Makoto Nakamura; Yoshiko Oyama; Akira Shimazu,Logical formulation system verifying consistency of multi-sentence legal paragraphs.,conf/jurix/TakanoNOS10
JURIX,2022,bounded-deontics,prior-art,high,27,4,https://ebooks.iospress.nl/pdf/doi/10.3233/FAIA220447,Stable Normative Explanations,Guido Governatori; Francesco Olivieri; Antonino Rotolo; Matteo Cristani,Stable normative explanations for XAI over compliance/normative reasoning.,conf/jurix/GovernatoriORC22
JURIX,2010,bounded-deontics,prior-art,high,64,4,,Representations of Time within Normative MAS,Clara Smith; Antonino Rotolo; Giovanni Sartor,Deontic tense logic combining temporal reasoning with obligations in normative MAS.,conf/jurix/SmithRS10
JURIX,2015,bounded-deontics,prior-art,high,68,4,,Burden of Compliance and Burden of Violation,Guido Governatori,Computational account of burden of compliance vs burden of violation of norms.,conf/jurix/Governatori15
JURIX,2016,cnl|intro,prior-art,high,175,4,,Towards a Methodology for Formalizing Legal Texts in LegalRuleML,Adeline Nazarenko; François Lévy; Adam Z. Wyner,Methodology for formalizing legal texts into LegalRuleML at multiple granularities,conf/jurix/NazarenkoLW16
JURIX,2019,bounded-deontics|fm-in-law,prior-art,high,179,4,https://doi.org/10.3233/faia190321,Legal Compliance in a Linked Open Data Framework,Enrico Francesconi; Guido Governatori,OWL2-based deontic norm modeling with defeasibility and decidable compliance-checking reasoners,conf/jurix/FrancesconiG19
JURIX,2015,bounded-deontics|intro,prior-art,high,282,4,https://www.um.edu.mt/library/oar//handle/123456789/27636,Conditional Permissions in Contracts,Gordon J. Pace; Fernando Schapachnik; Gerardo Schneider,Formalizes family of conditional-permission deontic operators for contract automata,conf/jurix/PaceSS15
JURIX,2020,intro|bounded-deontics,prior-art,high,399,4,https://ebooks.iospress.nl/pdf/doi/10.3233/FAIA200872,Digital Enforceable Contracts (DEC): Making Smart Contracts Smarter,Lu-Chi Liu; Giovanni Sileno; Tom M. van Engers,Digital Enforceable Contracts: architecture adding normative representations to smart contracts (GDPR data-sharing),conf/jurix/LiuSE20
JURIX,2021,fm-in-law,prior-art,high,570,4,https://ebooks.iospress.nl/pdf/doi/10.3233/FAIA210331,Identification of Contradictions in Regulation,Michal Araszkiewicz; Enrico Francesconi; Tomasz Zurek,Semantic-Web model for detecting logical contradictions in regulation.,conf/jurix/AraszkiewiczFZ21
JURIX,2010,intro,example,med,654,4,https://napier-surface.worktribe.com/207914/1/Jurix2010Schafer.pdf,Interagency data exchange protocols as computational data protection law,William J. Buchanan; Lu Fan; Alistair Lawson; Burkhard Schafer; Russel Scott; Christoph Thuemmler; Omair Uthmani,Firewall-type system formally representing data-protection-law rules 'by design'.,conf/jurix/BuchananFLSSTU10
JURIX,2018,fm-in-law,prior-art,high,735,4,https://doi.org/10.3233/978-1-61499-935-5-220,Checking the Validity of Rule-Based Arguments Grounded in Cases: A Computational Approach,Heng Zheng; Minghui Xiong; Bart Verheij,Prolog implementation of formal theory grounding rule-based argument validity in cases (tort/copyright).,conf/jurix/ZhengXV18
JURIX,2022,cnl|intro,prior-art,high,1050,4,https://ebooks.iospress.nl/pdf/doi/10.3233/FAIA220484,An Interactive Natural Language Interface for PROLEG,Ha-Thanh Nguyen; Fumihito Nishino; Megumi Fujita; Ken Satoh,Natural-language interface translating input facts into PROLEG Prolog reasoning syntax.,conf/jurix/NguyenNFS22
JURIX,2023,intro|bounded-deontics,supports,high,173,3,https://ebooks.iospress.nl/pdf/doi/10.3233/FAIA230954,Deontics and Time in Contracts: An Executable Semantics for the L4 DSL,Seng Joe Watt; Oliver R. Goodenough; Meng Weng Wong,"L4 paper itself: executable semantics for deontics and time in the L4 DSL, Maude implementation",conf/jurix/WattGW23
JURIX,2021,bounded-deontics,prior-art,high,177,3,https://ebooks.iospress.nl/pdf/doi/10.3233/FAIA210330,A Kelsenian Deontic Logic,Agata Ciabattoni; Xavier Parent; Giovanni Sartor,Kelsenian deontic logic of normative causality solving deontic paradoxes,conf/jurix/CiabattoniPS21
JURIX,2019,intro,prior-art,high,249,3,https://doi.org/10.3233/faia190318,Renvoi in Private International Law: A Formalization with Modal Contexts,Matteo Baldoni; Laura Giordano; Ken Satoh,Multimodal logic formalization of the renvoi doctrine in private international law,conf/jurix/Baldoni0S19
JURIX,2012,determinacy-frontier,prior-art,high,923,3,,Formalising a legal opinion on a legislative proposal in the ASPIC+ framework,Henry Prakken,ASPIC+ reconstruction of a scholar's contested legal opinion on a legislative proposal.,conf/jurix/Prakken12
JURIX,2012,fm-in-law,prior-art,med,1304,3,http://ruj.uj.edu.pl/xmlui/handle/item/25044,Refined Coherence as Constraint Satisfaction Framework for Representing Judicial Reasoning,Michal Araszkiewicz; Jaromír Savelka,Constraint-satisfaction coherence framework formalizing judicial reasoning (Popov v Hayashi).,conf/jurix/AraszkiewiczS12
JURIX,2012,intro,example,med,1305,3,,Computational data protection law: trusting each other offline and online,William J. Buchanan; Lu Fan; Alistair Lawson; Burkhard Schafer; Russel Scott; Christoph Thuemmler; Omair Uthmani,Formal representation of Data Protection rules enforced via a firewall-type system.,conf/jurix/BuchananFLSSTU12
JURIX,2019,bounded-deontics,prior-art,high,61,2,https://doi.org/10.3233/faia190322,Deontic Closure and Conflict in Legal Reasoning,Guido Governatori; Robert Mullins,Deontic closure/conflict patterns in defeasible deontic logics.,conf/jurix/GovernatoriM19
JURIX,2024,bounded-deontics|determinacy-frontier,prior-art,high,242,2,https://ebooks.iospress.nl/pdf/doi/10.3233/FAIA241233,Modeling Judicial Discretion with Nuanced Permissions,Josephine Dik; Réka Markovich,Deontic logic of nuanced permissions modeling judicial discretion in custody cases,conf/jurix/DikM24
JURIX,2020,bounded-deontics|intro|fm-in-law,prior-art,high,329,2,https://ebooks.iospress.nl/pdf/doi/10.3233/FAIA200852,A General Theory of Contract Conflicts with Environmental Constraints,Gordon J. Pace,Extends CL contract-conflict analysis to environmental action constraints,conf/jurix/Pace20
JURIX,2014,bounded-deontics|fm-in-law,prior-art,high,339,2,,Analysing Norms with Transition Systems,Trevor J. M. Bench-Capon,Applies MAS transition-system techniques to norm design and analysis,conf/jurix/Bench-Capon14
JURIX,2020,fm-in-law|intro,prior-art,high,702,2,https://ebooks.iospress.nl/pdf/doi/10.3233/FAIA200884,Reasoning About Applicable Law in Private International Law in Logic Programming,Ken Satoh; Matteo Baldoni; Laura Giordano,Implements modal-logic formalization of renvoi in private international law as a logic program.,conf/jurix/SatohB020
JURIX,2020,intro,example,high,905,2,https://ebooks.iospress.nl/pdf/doi/10.3233/FAIA200882,Ontology-Based Liability Decision Support in the International Maritime Law,Mirna El Ghosh; Habib Abdulrab,Ontology-based chained-rule liability decision support for maritime cargo law.,conf/jurix/GhoshA20
JURIX,2020,fm-in-law|determinacy-frontier,prior-art,high,956,2,https://ebooks.iospress.nl/pdf/doi/10.3233/FAIA200849,Generalizing Culprit Resolution in Legal Debugging with Background Knowledge,Wachara Fungwacharakorn; Ken Satoh,Legal Debugging: culprit detection/generalization for counterintuitive rule consequences (Satoh).,conf/jurix/Fungwacharakorn20
JURIX,2023,intro|fm-in-law,supports,high,959,2,https://ebooks.iospress.nl/pdf/doi/10.3233/FAIA230957,Insurance Portfolio Analysis as Containment Testing,Preston Carlson; Michael R. Genesereth,Insurance policies as logic programs; containment testing detects coverage gaps (Genesereth).,conf/jurix/CarlsonG23
JURIX,2024,intro,supports,high,1157,2,https://doi.org/10.3233/faia241242,Getting in the Door: Streamlining Intake in Civil Legal Services with Large Language Models,Quinten Steenhuis; Hannes Westermann,Digital intake platform combining logical eligibility rules with LLMs; close analogue to L4 rules+LLM wizards,conf/jurix/SteenhuisW24
JURIX,2009,intro,prior-art,high,1340,2,,Emerald: Legal Knowledge Engineering Using OWL and Rules,András Förhécz; Gábor Korösi; András Millinghoffer; György Strausz,Emerald: legal knowledge engineering combining OWL DL reasoning with production rules/backward chaining,conf/jurix/ForheczKMS09
JURIX,2015,intro,prior-art,high,1345,2,,Business Process Management for Legal Domains: Supporting Execution and Management of Preliminary Injunctions,Federico Capuzzimati; Andrea Violato; Matteo Baldoni; Guido Boella,BPM system executing and managing legal processes: preliminary injunction enforcement,conf/jurix/CapuzzimatiVBB15
JURIX,2015,bounded-deontics,prior-art,high,1347,2,,No Match-making but Biconditionals: - Agents and the Role of the State in Legal Relations,Réka Markovich,Formalizes Hohfeldian rights/duties correlativity via SDL with an agent-indexed STIT operator,conf/jurix/Markovich15
JURIX,2020,bounded-deontics,prior-art,high,20,1,https://ebooks.iospress.nl/pdf/doi/10.3233/FAIA200853,Free Choice Permission in Defeasible Deontic Logic,Guido Governatori; Antonino Rotolo,Free Choice Permission modelled in Defeasible Deontic Logic.,conf/jurix/GovernatoriR20
JURIX,2019,bounded-deontics,prior-art,high,62,1,https://doi.org/10.3233/faia190323,A Computational Model for Pragmatic Oddity,Guido Governatori; Antonino Rotolo,Computational model of Pragmatic Oddity via Deontic Defeasible Logic.,conf/jurix/GovernatoriR19a
JURIX,2012,determinacy-frontier,prior-art,high,81,1,,Narrowing Legal Concepts,Guido Governatori; Francesco Olivieri; Antonino Rotolo; Simone Scannapieco,Restrictive interpretation of legal concepts via counts-as rule revision.,conf/jurix/GovernatoriORS12
JURIX,2023,bounded-deontics,prior-art,high,93,1,https://ebooks.iospress.nl/pdf/doi/10.3233/FAIA230953,Permission in a Kelsenian Perspective,Agata Ciabattoni; Xavier Parent; Giovanni Sartor,Kelsenian reconstruction of strong permission and obligation/permission conflicts.,conf/jurix/CiabattoniPS23
JURIX,2015,bounded-deontics,prior-art,high,114,1,,Permissions in Deontic Event-Calculus,Guido Governatori; Mustafa Hashmi,Extends deontic event-calculus with permission predicates for compliance,conf/jurix/GovernatoriH15
JURIX,2022,bounded-deontics|fm-in-law,prior-art,high,246,1,https://ebooks.iospress.nl/pdf/doi/10.3233/FAIA220460,An Automata-Based Formalism for Normative Documents with Real-Time,Stefan Chircop; Gordon J. Pace; Gerardo Schneider,Timed contract automata operationalizing real-time deontic logic for monitoring,conf/jurix/ChircopPS22
JURIX,2024,bounded-deontics,prior-art,high,277,1,https://ebooks.iospress.nl/pdf/doi/10.3233/FAIA241239,Norm Compliance in Reinforcement Learning Agents via Restraining Bolts,Emery A. Neufeld; Agata Ciabattoni; Radu Florin Tulcan,"Restraining bolts capturing contrary-to-duty, exceptions, temporal obligations for RL agents",conf/jurix/NeufeldCT24
JURIX,2021,bounded-deontics,prior-art,high,384,1,https://ebooks.iospress.nl/pdf/doi/10.3233/FAIA210333,Computability of Diagrammatic Theories for Normative Positions,Matteo Pascucci; Giovanni Sileno,Diagrammatic (Hohfeldian/Aristotelian) theories of normative positions with computability results,conf/jurix/PascucciS21
JURIX,2015,bounded-deontics,method-to-borrow,high,420,1,,Extracting Hohfeldian Relations from Text,Wim Peters; Adam Z. Wyner,Semi-automatic extraction of Hohfeldian Duty relations from legal text (GATE-based),conf/jurix/PetersW15
JURIX,2016,intro|determinacy-frontier,prior-art,high,421,1,,Perspectives on the Formal Representation of the Interpretation of Norms,Robert van Doesburg; Tom M. van Engers,"FLINT frame-based language for formal interpretation of norms, traceable to normative sources",conf/jurix/DoesburgE16
JURIX,2017,bounded-deontics,prior-art,high,491,1,https://doi.org/10.3233/978-1-61499-838-9-49,Temporalised Belief Revision in the Law,Luciano H. Tamargo; Diego C. Martínez; Antonino Rotolo; Guido Governatori,Temporalised belief revision for legal rules amid contradictory norms,conf/jurix/TamargoMRG17
JURIX,2023,determinacy-frontier,prior-art,high,492,1,https://ebooks.iospress.nl/pdf/doi/10.3233/FAIA230952,Conceptual Structures in Statutory Interpretation,Michal Araszkiewicz,Conceptual-structure framework for statutory-interpretation heuresis,conf/jurix/Araszkiewicz23
JURIX,2022,cnl|intro,prior-art,high,543,1,https://ebooks.iospress.nl/pdf/doi/10.3233/FAIA220482,The LegAi Editor: A Tool for the Construction of Legal Knowledge Bases,Tomer Libal,Wizard-guided annotation tool building formal KBs close to original legal text,conf/jurix/Libal22
JURIX,2023,intro,prior-art,high,544,1,https://ebooks.iospress.nl/pdf/doi/10.3233/FAIA230994,Answer Set Programming for Legal Decision Support and Explanation,Daniele Theseider Dupré,"ASP-based legal decision support/explanation, alternative to ML prediction (ANGELIC)",conf/jurix/Dupre23
JURIX,2019,bounded-deontics,prior-art,high,721,1,http://hdl.handle.net/11245.1/45719d64-e5ac-4a7e-92fd-ebc73d7784fb,"Towards a Computational Theory of Action, Causation and Power for Normative Reasoning",Giovanni Sileno; Alexander Boer; Tom M. van Engers,"Logic-programming axiomatization transforming duties/rights into Hohfeldian powers/liabilities, causation.",conf/jurix/SilenoBE19
JURIX,2023,intro,example,high,997,1,https://ebooks.iospress.nl/pdf/doi/10.3233/FAIA230969,Executing United States Bills into Law: A Working Application in the United States House,Sela Mador-Haim; Ari Hershowitz,Production grammar (CIMPL/AMPL) executing US bill amendments into law at the House.,conf/jurix/Mador-HaimH23
JURIX,2024,intro,method-to-borrow,high,999,1,https://ebooks.iospress.nl/pdf/doi/10.3233/FAIA241230,Fighting the Knowledge Representation Bottleneck with Large Language Models,Marco Billi; Giuseppe Pisano; Marco Sanchi,GPT-4o + Prolog expert system for formalizing legal articles and case-law updates.,conf/jurix/BilliPS24
JURIX,2023,intro,supports,high,1182,1,https://ebooks.iospress.nl/pdf/doi/10.3233/FAIA230991,"LawGiBa - Combining GPT, Knowledge Bases, and Logic Programming in a Legal Assistance System",Ha Thanh Nguyen; Randy Goebel; Francesca Toni; Kostas Stathis; Ken Satoh,"LawGiBa combines GPT + KB + Prolog logic programming for explainable legal answers, countering LLM hallucination",conf/jurix/NguyenGTSS23
JURIX,2015,intro|bounded-deontics,prior-art,high,1407,1,https://dare.uva.nl/personal/pure/en/publications/bridging-representations-of-laws-of-implementations-and-of-behaviours(7485e39d-7136-4aec-8612-459c95a43578).html,"Bridging Representations of Laws, of Implementations and of Behaviours",Giovanni Sileno; Alexander Boer; Tom M. van Engers,"Petri-net 'position' model bridging representations of law, its implementations, and behaviour",conf/jurix/SilenoBE15
JURIX,2022,intro,prior-art,high,1422,1,https://ebooks.iospress.nl/pdf/doi/10.3233/FAIA220485,Consumer Dispute Resolution System Based on PROLEG,Shidaka Nishioka; Yuto Mori; Ken Satoh,Consumer dispute-resolution system built on PROLEG logic-programming legal rules,conf/jurix/NishiokaMS22
JURIX,2023,intro|cnl,prior-art,high,1425,1,https://ebooks.iospress.nl/pdf/doi/10.3233/FAIA230992,Human-Centred Explanation of Rule-Based Decision-Making Systems in the Legal Domain: Demonstration,Suzan Zuurmond; AnneMarie Borg; Matthijs van Kempen; Remi Wieten,"Human-centred, question-driven explanation of a rule-based legal decision system (Dutch Tax/Customs)",conf/jurix/ZuurmondBKW23
JURIX,2024,intro,prior-art,high,1428,1,https://ebooks.iospress.nl/pdf/doi/10.3233/FAIA241275,A Legal Assistant for Accountable Decision-Making,Adam Kaczmarczyk; Tomer Libal; Aleksander Smywinski-Pohl,"Chatbot combining formal-logic-driven reasoning with LLMs for accurate, explainable legal advice",conf/jurix/KaczmarczykLS24
JURIX,2022,determinacy-frontier,prior-art,high,172,0,https://ebooks.iospress.nl/pdf/doi/10.3233/FAIA220443,A Hybrid Model of Argument Concerning Preferences Between Statutory Interpretation Canons,Michal Araszkiewicz,Argument model of preferences between statutory-interpretation canons; squarely statutory interpretation,conf/jurix/Araszkiewicz22
JURIX,2017,determinacy-frontier,prior-art,high,263,0,https://doi.org/10.3233/978-1-61499-838-9-107,Balancing with Thresholds,Michal Araszkiewicz; Tomasz Zurek,Formal model of value-balancing in teleological statutory interpretation,conf/jurix/AraszkiewiczZ17
JURIX,2021,bounded-deontics,prior-art,high,285,0,https://ebooks.iospress.nl/pdf/doi/10.3233/FAIA210336,Timed Dyadic Deontic Logic,Karam Younes Kharraz; Martin Leucker; Gerardo Schneider,Timed dyadic deontic logic with reparation operator for contrary-to-duty/deadlines,conf/jurix/KharrazLS21
JURIX,2024,bounded-deontics,prior-art,high,286,0,https://ebooks.iospress.nl/pdf/doi/10.3233/FAIA241273,A Logical Framework for Weak Permissions in Criminal Procedure,Guido Governatori; Antonino Rotolo,Dialogue-game logic for weak permissions requiring judicial determination,conf/jurix/GovernatoriR24
JURIX,2025,bounded-deontics,method-to-borrow,high,287,0,https://doi.org/10.3233/faia251629,Plans and Diversions EA,Galileo Sartor; Guido Governatori; Giuseppe Pisano; Antonino Rotolo; Adam Wyner,Defeasible deontic logic in ASP integrated with planning for AV legal compliance,conf/jurix/SartorGPR025
JURIX,2025,determinacy-frontier,prior-art,high,326,0,https://doi.org/10.3233/faia251572,Precedent as Interpretive Resource: A Case Frame Analysis of Statutory Reasoning,Michal Araszkiewicz,Case-frame analysis of precedent as interpretive resource in statutory reasoning,conf/jurix/Araszkiewicz25
JURIX,2025,intro|bounded-deontics,method-to-borrow,high,327,0,https://doi.org/10.3233/faia251587,Validity Diagrams,Diogo Sasdelli; Bianca Steffes,Validity diagrams visualizing conditional norms and legal if-then structures,conf/jurix/SasdelliS25
JURIX,2023,bounded-deontics,prior-art,high,335,0,https://ebooks.iospress.nl/pdf/doi/10.3233/FAIA230947,Arguing About Choosing a Normative System: Conflict of Laws,Kees van Berkel; Réka Markovich; Christian Straßer; Leendert van der Torre,Formal model of conflict-of-laws reasoning integrating Input/Output deontic logic and argumentation,conf/jurix/0002MST23
JURIX,2022,intro|cnl,supports,high,382,0,https://ebooks.iospress.nl/pdf/doi/10.3233/FAIA220473,An End-to-End Pipeline from Law Text to Logical Formulas,Aarne Ranta; Inari Listenmaa; Jerrold Soh; Meng Weng Wong,Meng Weng Wong co-authored pipeline from NL law text to logical formulas via assembly-logic intermediate representation,conf/jurix/RantaLSW22
JURIX,2024,fm-in-law|bounded-deontics,prior-art,high,437,0,https://ebooks.iospress.nl/pdf/doi/10.3233/FAIA241260,On Conflicts and Satisfiability in Metric Timed Normative Logics,Karam Younes Kharraz; Gerardo Schneider; Martin Leucker,"SMT-based satisfiability procedure for a timed normative logic, characterizing normative conflicts",conf/jurix/KharrazSL24
JURIX,2024,intro|fm-in-law,prior-art,high,438,0,https://ebooks.iospress.nl/pdf/doi/10.3233/FAIA241237,Draft Better Contracts,Cosimo Laneve; Alessandro Parenti; Giovanni Sartor,Detects incompatible clauses in Stipula (computable legal contract DSL) using real case-law patterns,conf/jurix/LanevePS24
JURIX,2025,bounded-deontics|intro,prior-art,high,439,0,https://doi.org/10.3233/faia251577,Contrary-to-Duty Rights: From Hohfeld to Agreement Revision,Huimin Dong; Leendert van der Torre; Liuwen Yu,"Rights-first contrary-to-duty model with dynamic-logic specs, executed over Hohfeldian bundles; agentic-AI reasoning",conf/jurix/DongTY25
JURIX,2016,intro,prior-art,high,513,0,,Describing Legal Policies as Story Tropes in Normative Systems,Matthew Thompson; Julian A. Padget; Ken Satoh,TropICAL DSL for legal policies compiled to executable ASP institutions,conf/jurix/ThompsonPS16
JURIX,2024,bounded-deontics|fm-in-law,prior-art,high,516,0,https://ebooks.iospress.nl/pdf/doi/10.3233/FAIA241251,Conflict Analysis for Timed Contract Automata,Shaun Azzopardi; Gordon J. Pace,Sound conflict-detection algorithm for real-time deontic timed contract automata,conf/jurix/AzzopardiP24
JURIX,2021,bounded-deontics,prior-art,high,603,0,https://ebooks.iospress.nl/pdf/doi/10.3233/FAIA210340,Cause of Action and the Right to Know. A Formal Conceptual Analysis of the Texas Senate Bill 25 Case,Réka Markovich; Olivier Roy,Deontic/epistemic Hohfeldian formal analysis of a cause-of-action bill (claim-right/power).,conf/jurix/MarkovichR21
JURIX,2010,fm-in-law|bounded-deontics,prior-art,high,626,0,,Reasoning about Normative Systems,Wiebe van der Hoek,CTL-like transition-system model of normative systems with norm-compliance games.,conf/jurix/Hoek10
JURIX,2023,bounded-deontics,method-to-borrow,med,627,0,https://ebooks.iospress.nl/pdf/doi/10.3233/FAIA230949,Assisted Normative Reasoning with Aristotelian Diagrams,Kathrin Hanauer; Tereza Novotná; Matteo Pascucci,"Aristotelian-diagram graph framework for traceable, algorithmic normative reasoning (GDPR case).",conf/jurix/HanauerNP23
JURIX,2024,determinacy-frontier,prior-art,high,628,0,https://ebooks.iospress.nl/pdf/doi/10.3233/FAIA241229,Case Frames and Case-Based Arguments in Statutory Interpretation,Michal Araszkiewicz,Case Frame model + argument scheme specifically for statutory interpretation in civil law.,conf/jurix/Araszkiewicz24
JURIX,2025,intro,contrasts,high,629,0,https://doi.org/10.3233/faia251595,A Systematic Approach to Assess Languages Proposed for Rules as Code,Sofia Ali; Giovanni Sileno; Tom M. van Engers,"Framework for evaluating rules-as-code languages, applied to RegelSpraak; direct L4 comparator.",conf/jurix/AliSE25
JURIX,2025,bounded-deontics|fm-in-law,prior-art,high,630,0,https://doi.org/10.3233/faia251619,Normative Risk Assessment in the AI Act,Beatrice Ferrigno; Marco Billi; Yasaman Yousefi; Antonino Rotolo,Defeasible Deontic Logic framework (DLRisk) for rights balancing/collisions under the AI Act.,conf/jurix/FerrignoBYR25
JURIX,2025,determinacy-frontier|fm-in-law,method-to-borrow,high,818,0,https://doi.org/10.3233/faia251576,Explaining Discretionary Judicial Decisions Using Answer Set Programming,Josephine Dik,Answer Set Programming tests consistency of discretionary judicial reasoning.,conf/jurix/Dik25
JURIX,2017,fm-in-law|bounded-deontics|intro,prior-art,high,1119,0,https://doi.org/10.3233/978-1-61499-838-9-33,Timed Contract Compliance Under Event Timing Uncertainty,María-Emilia Cambronero; Luis Llana; Gordon J. Pace,Formal timed-contract compliance semantics under event-timing uncertainty; violation likelihood analysis,conf/jurix/CambroneroLP17
JURIX,2024,intro,example,high,1123,0,https://ebooks.iospress.nl/pdf/doi/10.3233/FAIA241269,DIREGA - Building Decision Support for German Register Law,Axel Adrian; Osman Anil Basaran; Nathan Dykes; Stephanie Evert; Michael Gritz; Merlin Humml; Michael Kohlhase; Johannes Lindner; Andreas Maier; Stephan Prettner; Max Rapp; Lutz Schröder; Verena Stürmer,"Symbolic reasoning pipeline over manually formalized German register law, with explanations for professionals",conf/jurix/AdrianBDEGHKLMP24
JURIX,2024,intro,prior-art,high,1124,0,https://ebooks.iospress.nl/pdf/doi/10.3233/FAIA241231,Decision Support in Law: From Formalizing Rules to Reasoning with Justification,Jeremy Bouche-Pillon; Nathalie Aussenac-Gilles; Yannick Chevalier; Pascale Zaraté,"Framework operating formal rules from GDPR/LED regulations with reasoning + explainability, close to L4 goals",conf/jurix/Bouche-PillonAC24
JURIX,2025,bounded-deontics|intro,prior-art,high,1738,0,https://doi.org/10.3233/faia251618,A Tool for Handling Unexpected Exceptions in Legal Reasoning,Thomas Ecobichon; Mathieu Carpentier; Sylvie Doutre; Jean-Guy Mailly,Prioritized default-logic system representing legal rules and their exceptions.,conf/jurix/EcobichonCDM25
JURIX,2025,intro,prior-art,med,1745,0,https://doi.org/10.3233/faia251626,"Automated Identification of Criminal Offences from Case Descriptions Using Ontologies, Rules and LLMs",Jelena Matkovic; Marko Markovic; Stevan Gostojic,OWL ontology + SWRL rules inferring criminal offences/sanctions from LLM-extracted facts.,conf/jurix/MatkovicMG25
