227	ci-build
226	go-pipeline
225	ci-build
222	docs
224	go-pipeline
217	specs
221	ci-build
219	docs
214	dmn-export
213	ci-build
211	lang-typecheck
210	service-cli
209	ci-build
208	corpus-regcf
207	tests-cli
212	corpus-bna-charities
201	corpus-bna-charities
206	dmn-export
200	wizards
204	go-pipeline
205	corpus-regcf
197	specs
203	corpus-regcf
193	go-pipeline
202	corpus-bna-charities
195	corpus-bna-charities
199	specs
198	bpmn-export
196	dmn-export
189	docs
194	dmn-export
188	dmn-export
191	ladder-viz
190	mlir
187	specs
185	lang-typecheck
186	bpmn-export
177	ladder-viz
184	lang-imports-stdlib
183	lang-typecheck
181	tests-cli
182	lang-typecheck
179	specs
180	dmn-export
178	dmn-export
176	tests-cli
175	dmn-export
174	lang-imports-stdlib
173	specs
172	lang-eval-ledger
171	papers
170	docs
169	corpus-notok
164	agent-tooling
162	corpus-regcf
166	docs
168	corpus-notok
167	ci-build
160	dmn-export
159	ladder-viz
161	specs
163	ci-build
158	specs
157	bpmn-export
156	agent-tooling
155	specs
154	service-cli
142	specs
140	lang-imports-stdlib
138	ladder-viz
137	ladder-viz
139	corpus-regcf
136	specs
135	docs
134	papers
133	lang-sets
132	papers
131	lang-typecheck
130	lang-eval-ledger
129	papers
127	docs
128	lang-typecheck
124	lang-sets
125	lang-eval-ledger
122	lang-sets
123	corpus-notok
119	specs
116	ladder-viz
111	lang-eval-ledger
110	ladder-viz
109	lang-typecheck
99	specs
105	docs
107	ci-build
104	docs
89	lang-eval-ledger
85	specs
