actus-archive	closed-into-257	230
agent-tooling	open	231
bpmn-export	open	232
ci-build	open	233
corpus-legal-new	open	234
corpus-regcf	open	235
dmn-export	open	236
docs	open	237
experiments	open	238
go-pipeline	open	239
ladder-viz	closed-into-257	240
lang-eval-ledger	closed-into-257	241
lang-imports-stdlib	closed-into-257	242
lang-printer	closed-into-257	243
lang-sets	closed-into-257	244
lang-syntax-typecheck	closed-into-257	245
lsp	closed-into-257	246
mlir	open	247
papers	open	248
proleg	open	249
openfisca-export	open	250
specs	open	251
service-cli	open	252
tests-cli	open	253
wizard-housing	open	254
wizard-regcf	open	255
lang-core	open	257
